ID,Age,Gender,Department,Employment_Type,Highest_Degree,Teaching_Experience,Industry_Experience,Publications,Certification_Count,Workshops_Attended,Training_Hours,Team_Project_Count,Collaboration_Score,Mentorship_Count,Student_Feedback,Course_Completion_Rate,Pass_Percentage,Innovation_Score,FDP_Attended,Online_Courses,Conference_Presentations,Skill_Upgrade_Score,Target
1,63,Male,IT,Full-time,Masters,19,9,8,2,6,72,15,72,21,82,68,84,58,14,15,14,43,High
2,53,Female,IT,Part-time,Bachelors,26,8,35,2,16,30,13,97,10,72,94,64,94,7,15,6,83,High
3,39,Male,Engineering,Part-time,PhD,2,6,8,7,0,14,14,85,0,61,93,73,41,2,2,11,73,Medium
4,32,Male,Science,Part-time,Bachelors,3,9,15,3,4,134,19,40,14,60,75,97,92,7,8,1,40,Low
5,45,Female,Engineering,Full-time,PhD,6,1,35,3,5,172,12,60,23,62,77,99,96,3,7,1,62,Low
6,63,Male,IT,Part-time,PhD,3,6,32,2,1,94,8,62,3,84,77,61,83,3,6,7,45,High
7,43,Male,Engineering,Full-time,PhD,10,6,30,10,15,122,0,96,17,76,97,77,51,11,16,12,55,Low
8,47,Female,IT,Part-time,Masters,24,10,5,0,4,185,5,48,16,74,91,88,97,6,10,12,41,High
9,35,Male,Engineering,Full-time,Bachelors,27,4,9,7,4,89,7,95,6,89,66,79,79,4,3,8,85,High
10,35,Male,Business,Full-time,PhD,6,8,15,14,11,199,19,40,17,52,82,67,83,3,3,4,91,Low
11,48,Female,Engineering,Part-time,Masters,23,12,3,0,2,125,17,60,12,98,82,96,63,6,4,6,51,Medium
12,60,Female,Business,Part-time,PhD,16,11,21,6,15,172,17,61,19,74,77,85,50,11,7,12,66,Low
13,64,Female,Business,Part-time,Masters,17,10,12,4,5,106,16,93,19,94,66,96,41,2,9,11,58,High
14,48,Male,Science,Part-time,PhD,19,2,15,3,14,30,15,43,9,59,99,63,40,14,16,8,67,Low
15,27,Female,Business,Part-time,Bachelors,3,3,28,3,14,89,12,40,0,66,83,92,96,8,5,13,74,Medium
16,46,Male,Business,Full-time,Bachelors,18,0,5,7,15,48,3,90,1,52,73,81,97,13,8,0,90,Medium
17,26,Female,Engineering,Part-time,PhD,7,5,25,10,19,171,3,49,16,94,64,65,67,12,9,7,82,Medium
18,48,Male,IT,Part-time,Masters,9,3,10,10,12,130,13,54,21,71,81,92,43,4,7,9,43,Low
19,54,Female,Science,Full-time,PhD,20,0,23,12,11,133,4,91,2,87,81,87,80,11,14,9,88,High
20,62,Female,Business,Part-time,Masters,12,1,28,13,9,152,15,75,16,63,69,83,98,2,17,8,88,High
21,26,Female,Science,Part-time,PhD,5,14,2,5,13,15,13,68,11,76,85,63,69,1,4,8,46,Low
22,45,Female,Engineering,Full-time,Masters,3,2,9,13,1,65,13,91,23,91,74,61,99,6,17,9,76,High
23,57,Male,Business,Part-time,Bachelors,11,8,0,11,2,58,13,85,11,69,97,72,98,11,0,6,90,Medium
24,36,Female,Engineering,Part-time,PhD,25,12,25,0,8,101,13,44,19,97,60,70,46,6,1,11,64,Low
25,46,Female,Science,Part-time,Bachelors,4,7,11,13,10,138,18,68,9,67,73,94,99,11,9,11,92,Low
26,49,Male,Engineering,Full-time,Bachelors,5,6,13,9,10,74,2,86,6,62,95,98,61,12,5,11,97,Medium
27,51,Female,Science,Part-time,PhD,1,12,24,7,9,37,16,86,9,91,90,69,65,4,18,11,90,High
28,52,Male,Engineering,Full-time,PhD,27,14,7,12,13,109,13,66,17,55,87,69,68,3,10,9,80,Medium
29,40,Female,Science,Part-time,Masters,28,10,3,13,8,157,9,64,21,59,93,67,64,12,17,14,56,Medium
30,39,Female,IT,Full-time,Masters,29,11,27,1,19,185,12,55,5,86,94,64,49,10,15,2,80,High
31,27,Female,Engineering,Part-time,Bachelors,18,13,6,5,9,81,3,55,6,78,98,82,59,1,7,12,53,Low
32,61,Male,Engineering,Full-time,Masters,12,3,9,8,8,74,10,75,16,55,82,93,53,1,3,12,76,Low
33,31,Female,IT,Full-time,Masters,13,0,35,0,4,60,14,64,11,88,78,91,72,6,10,4,93,High
34,45,Female,IT,Full-time,PhD,9,7,1,5,7,180,14,80,16,60,77,75,44,9,9,12,41,Low
35,33,Female,Engineering,Full-time,Masters,2,3,25,7,10,58,1,40,17,97,74,63,84,6,15,1,63,High
36,63,Male,IT,Full-time,Bachelors,5,2,13,9,0,162,10,44,13,74,60,87,45,3,11,10,54,Low
37,42,Male,Business,Full-time,Masters,13,8,15,12,9,83,1,80,10,93,84,73,61,13,2,9,87,Medium
38,28,Female,Science,Part-time,Bachelors,16,9,16,1,0,178,4,59,1,93,85,71,99,3,10,2,90,High
39,49,Male,Science,Part-time,PhD,16,3,21,4,6,198,12,44,20,79,94,80,56,3,15,9,72,Low
40,38,Female,Science,Full-time,Bachelors,24,3,3,5,13,21,0,75,0,69,74,75,54,10,2,6,94,Medium
41,33,Female,Business,Full-time,Masters,3,13,18,4,4,113,6,68,10,86,63,61,78,1,9,0,51,High
42,50,Female,IT,Full-time,PhD,22,8,1,2,16,90,6,87,1,65,74,82,79,12,15,2,58,Low
43,26,Female,IT,Full-time,Masters,4,12,38,3,5,136,9,73,15,80,97,88,67,12,6,4,91,Medium
44,44,Female,Engineering,Part-time,PhD,11,11,8,6,15,23,5,97,21,78,98,68,92,8,14,10,86,High
45,52,Female,IT,Full-time,PhD,23,10,18,3,10,43,19,87,2,55,60,66,41,0,14,13,44,Low
46,31,Female,Engineering,Part-time,Masters,26,11,15,8,9,57,11,57,19,78,81,88,57,14,9,3,40,Low
47,32,Male,Business,Part-time,Masters,14,13,24,10,14,70,12,41,0,81,70,76,66,7,2,2,82,High
48,59,Male,Science,Full-time,PhD,29,1,17,11,6,44,10,55,20,58,97,68,60,5,5,5,98,Low
49,38,Male,Science,Full-time,PhD,3,13,22,13,1,128,17,68,19,86,96,65,62,14,17,11,48,Low
50,41,Male,Science,Part-time,Masters,16,11,20,12,11,74,1,72,7,72,85,79,46,12,4,5,78,Low
51,60,Male,IT,Part-time,Bachelors,22,4,10,12,18,68,15,55,18,65,86,69,91,9,15,3,73,Low
52,64,Male,Engineering,Full-time,Masters,15,14,38,9,11,45,1,74,0,67,72,68,98,6,12,8,68,High
53,28,Male,Engineering,Full-time,PhD,28,3,3,1,15,156,18,86,4,68,66,71,87,11,2,10,88,High
54,26,Female,Business,Full-time,Masters,10,8,24,4,5,51,5,82,0,93,67,92,58,4,14,5,87,High
55,30,Female,IT,Part-time,Bachelors,9,11,31,7,2,78,0,81,10,51,82,91,48,5,19,14,87,Medium
56,28,Female,Business,Part-time,Masters,11,4,29,13,1,156,10,56,20,59,85,93,51,5,5,8,85,Low
57,53,Female,Engineering,Full-time,PhD,16,8,25,4,19,116,17,43,8,61,86,78,85,12,3,12,98,Low
58,42,Male,Engineering,Part-time,Masters,10,10,35,9,4,48,9,88,4,95,68,92,69,8,14,10,41,High
59,50,Male,Science,Part-time,PhD,17,8,33,11,10,78,17,43,1,67,97,75,46,9,17,9,58,Low
60,58,Female,IT,Full-time,PhD,19,13,8,7,2,189,0,90,12,68,72,82,41,12,8,9,67,Low
61,34,Female,Engineering,Full-time,Masters,2,1,11,7,2,21,18,64,17,87,66,85,56,3,19,1,74,Low
62,60,Male,Science,Part-time,PhD,24,13,1,8,4,92,15,72,24,86,70,96,50,11,3,14,79,High
63,38,Female,IT,Part-time,PhD,23,14,37,9,10,184,6,53,11,76,69,68,89,10,15,5,92,Medium
64,55,Female,Business,Full-time,Bachelors,2,8,4,5,2,45,14,63,13,97,92,89,51,11,17,13,96,Medium
65,39,Female,IT,Full-time,Bachelors,6,2,4,11,12,135,0,50,4,63,98,72,42,12,4,3,90,Low
66,32,Female,IT,Full-time,Bachelors,19,3,21,3,7,72,8,64,23,94,62,75,60,4,12,1,87,High
67,38,Male,Engineering,Full-time,Bachelors,8,0,4,11,19,85,1,67,9,83,88,61,53,3,5,4,61,Medium
68,47,Female,Engineering,Full-time,PhD,26,13,3,10,9,91,16,46,19,51,96,90,54,0,18,13,43,Low
69,64,Female,IT,Part-time,Masters,29,0,8,2,1,60,9,88,1,93,75,78,90,9,11,14,47,High
70,45,Male,Engineering,Part-time,PhD,3,0,28,14,3,52,5,75,3,82,75,70,81,5,14,2,99,High
71,40,Male,Engineering,Part-time,PhD,26,8,21,11,17,43,4,49,11,68,66,73,80,4,8,5,40,Medium
72,42,Female,Engineering,Part-time,PhD,14,10,26,13,18,106,7,88,10,76,74,84,49,3,6,10,75,Medium
73,48,Male,Science,Full-time,Masters,25,7,9,4,3,58,7,75,3,97,97,66,91,5,13,14,46,High
74,50,Female,Science,Full-time,Bachelors,16,4,15,5,19,155,4,70,10,79,65,74,94,11,18,13,64,High
75,49,Female,IT,Full-time,PhD,1,4,9,2,8,134,11,58,8,56,77,89,75,4,19,7,68,Low
76,53,Male,Engineering,Part-time,PhD,21,8,5,1,15,198,6,57,9,76,78,90,90,2,15,3,40,Low
77,39,Female,Science,Part-time,Bachelors,3,2,4,6,5,66,12,88,5,70,61,83,49,1,3,11,95,Medium
78,25,Female,IT,Part-time,PhD,22,2,5,10,3,102,12,45,14,56,62,84,56,12,11,3,57,Low
79,49,Female,Engineering,Full-time,Masters,26,6,24,4,8,118,16,67,9,97,84,67,83,5,17,4,43,Medium
80,31,Female,Business,Part-time,PhD,18,8,3,8,12,14,3,46,21,74,95,89,64,3,7,5,59,Low
81,33,Male,Engineering,Full-time,PhD,9,5,39,14,8,33,17,77,20,87,87,95,66,10,16,10,85,High
82,48,Male,Engineering,Full-time,Bachelors,6,13,31,2,5,68,9,96,5,67,97,73,72,14,2,6,47,Medium
83,25,Female,Science,Full-time,PhD,23,1,34,13,18,47,2,51,0,82,87,88,50,12,3,5,66,High
84,32,Male,IT,Full-time,PhD,21,0,9,14,13,170,11,80,20,82,91,86,52,9,9,6,89,Medium
85,48,Female,IT,Full-time,Masters,25,1,33,7,14,19,0,89,21,81,95,95,40,2,15,8,78,High
86,35,Female,Science,Full-time,Bachelors,1,13,35,5,2,174,10,73,23,74,98,93,70,13,19,3,74,Medium
87,41,Female,Engineering,Part-time,Bachelors,21,13,5,3,4,135,17,64,19,63,95,80,72,7,1,9,64,Low
88,32,Female,Business,Full-time,Masters,27,0,15,11,17,20,12,56,20,87,82,97,60,11,11,14,92,Medium
89,59,Female,Engineering,Full-time,PhD,10,9,18,11,13,33,16,92,3,87,61,70,55,8,15,0,53,Low
90,59,Male,Engineering,Part-time,Bachelors,27,9,33,14,15,97,7,72,22,53,69,92,78,14,9,14,83,Medium
91,57,Female,Business,Full-time,Bachelors,6,8,24,8,13,123,19,62,21,93,65,74,62,6,4,8,86,High
92,29,Male,Science,Part-time,PhD,23,14,30,4,8,30,18,48,13,67,67,71,49,1,11,6,79,Low
93,63,Male,IT,Part-time,PhD,12,9,16,14,14,157,16,45,19,59,74,83,87,7,2,3,70,Medium
94,52,Female,Science,Part-time,Bachelors,4,14,29,9,6,19,1,41,21,84,88,96,72,10,11,9,44,Low
95,31,Female,Science,Full-time,PhD,28,11,38,5,13,184,2,77,19,84,87,70,61,12,0,7,56,High
96,33,Female,Engineering,Full-time,Bachelors,13,13,30,13,5,184,2,48,7,89,81,78,80,12,1,11,96,Medium
97,32,Female,IT,Part-time,PhD,17,12,18,14,14,152,5,42,10,72,93,60,45,10,10,6,49,Low
98,36,Female,IT,Full-time,PhD,27,7,34,14,19,181,9,55,14,74,79,76,86,4,11,11,82,High
99,58,Male,Science,Full-time,Masters,8,14,28,12,7,199,17,64,18,50,92,99,75,14,6,1,99,High
100,57,Female,Business,Part-time,PhD,26,6,0,8,1,143,17,63,7,67,74,75,86,14,0,0,94,High
101,47,Female,Science,Part-time,Masters,20,14,3,6,7,75,13,86,12,64,66,85,49,14,12,8,55,Low
102,48,Male,Business,Full-time,PhD,3,2,27,11,0,131,15,68,17,74,83,74,96,10,12,6,87,Medium
103,61,Male,IT,Part-time,Bachelors,12,7,17,4,16,141,6,83,21,81,85,67,55,9,1,13,43,Low
104,59,Female,Science,Part-time,Bachelors,7,1,25,1,18,32,0,94,23,69,69,89,52,6,9,9,94,Medium
105,64,Male,Engineering,Part-time,PhD,12,1,39,3,4,22,16,79,16,66,74,73,90,4,0,0,44,High
106,46,Female,Science,Full-time,PhD,2,10,18,1,19,168,4,65,5,60,96,92,97,1,6,12,81,Low
107,51,Male,IT,Full-time,Bachelors,24,9,5,2,15,25,0,77,24,62,83,66,59,11,12,3,85,Medium
108,59,Male,Engineering,Full-time,PhD,14,2,0,9,6,50,16,74,14,74,70,77,43,11,1,14,80,Medium
109,25,Female,Engineering,Part-time,Masters,22,6,7,11,6,10,9,62,12,69,99,71,59,11,19,4,89,Low
110,59,Male,Business,Full-time,Masters,23,0,32,2,17,120,11,43,17,74,80,61,61,3,6,4,59,Low
111,61,Male,Engineering,Part-time,Masters,5,7,20,3,17,21,19,98,10,91,99,88,68,12,16,13,45,High
112,38,Male,Engineering,Full-time,Masters,9,11,23,5,1,128,1,81,12,94,97,80,55,10,4,13,50,High
113,27,Male,Science,Full-time,Masters,21,6,24,11,14,193,15,53,0,98,74,66,82,4,10,13,92,High
114,25,Male,IT,Part-time,PhD,11,3,18,2,13,187,14,92,17,80,74,86,86,5,10,4,56,Medium
115,29,Male,Business,Full-time,PhD,5,13,28,9,17,29,12,95,4,50,96,71,82,4,10,10,80,High
116,50,Female,Science,Part-time,Masters,3,14,9,13,8,45,17,86,5,65,73,79,62,9,16,2,96,Low
117,38,Female,Engineering,Full-time,PhD,27,4,11,0,13,88,19,78,0,97,80,73,69,10,18,4,42,High
118,63,Male,Engineering,Full-time,PhD,17,9,32,0,4,175,13,46,6,77,79,69,96,14,7,3,55,Medium
119,51,Female,Business,Part-time,Masters,2,12,6,8,10,159,17,47,3,70,92,82,69,0,19,14,91,Medium
120,33,Female,IT,Part-time,PhD,24,0,16,8,7,117,1,81,8,79,62,89,82,0,13,4,75,High
121,39,Female,Business,Part-time,PhD,1,3,9,4,4,198,1,90,14,52,99,90,42,14,9,6,65,Low
122,39,Male,Science,Full-time,PhD,7,14,30,8,10,187,2,58,5,83,82,69,95,2,6,4,63,Low
123,50,Female,Business,Full-time,Masters,14,0,5,10,4,105,4,41,24,55,82,78,63,8,1,13,93,Low
124,37,Male,Engineering,Full-time,PhD,5,0,16,6,16,68,15,86,16,92,86,78,88,10,16,14,86,Medium
125,56,Female,Science,Part-time,Bachelors,19,9,36,8,3,29,14,40,19,78,94,82,76,1,0,13,73,Medium
126,63,Male,Engineering,Part-time,Bachelors,28,0,17,11,14,173,11,81,17,52,84,91,52,9,12,13,59,Low
127,56,Male,IT,Part-time,Masters,28,6,25,6,18,135,8,77,21,82,91,79,81,4,18,7,56,High
128,28,Female,Engineering,Full-time,Bachelors,11,6,15,8,1,106,13,93,3,60,81,63,71,8,13,7,90,Medium
129,54,Female,Engineering,Full-time,Masters,23,3,7,14,16,152,15,52,8,94,67,92,76,6,17,2,59,High
130,61,Male,Business,Part-time,Bachelors,25,14,23,1,11,71,10,81,13,54,97,60,51,10,19,4,55,Low
131,47,Female,Engineering,Full-time,Bachelors,2,12,12,10,16,140,5,83,2,99,77,72,47,7,13,11,95,High
132,63,Female,Science,Part-time,Bachelors,8,11,28,10,9,102,9,63,0,81,87,62,63,1,14,3,90,Medium
133,39,Female,Science,Full-time,Masters,9,1,31,7,17,100,7,71,10,96,87,71,83,4,13,13,92,High
134,53,Male,IT,Full-time,Masters,27,11,23,6,18,142,15,69,0,67,70,88,55,8,4,13,88,Medium
135,60,Male,Science,Part-time,PhD,3,2,15,5,17,132,2,45,11,96,71,90,71,0,15,4,43,Low
136,37,Female,Business,Full-time,Masters,2,7,10,4,12,193,1,77,24,69,61,95,73,0,4,7,57,Low
137,56,Female,IT,Full-time,Bachelors,7,12,31,3,13,168,15,72,8,88,96,61,74,9,12,3,75,High
138,31,Female,Science,Part-time,Bachelors,5,7,5,6,15,95,18,83,4,98,63,81,71,7,15,4,92,Medium
139,46,Male,Business,Part-time,Masters,21,10,34,2,17,172,8,94,14,89,93,81,89,1,14,6,74,High
140,52,Male,Science,Full-time,Masters,26,10,32,7,17,127,15,62,17,77,82,90,56,8,4,2,69,Medium
141,26,Female,Science,Part-time,Masters,5,5,17,1,15,35,3,49,8,62,72,73,41,9,5,12,93,Low
142,30,Female,Engineering,Full-time,PhD,20,14,36,0,16,127,9,96,12,75,66,88,65,8,12,5,99,High
143,52,Female,Science,Part-time,Bachelors,13,9,12,10,6,10,18,85,12,65,91,94,93,3,15,8,57,Medium
144,52,Female,Science,Full-time,PhD,21,8,9,1,11,16,12,54,23,74,82,68,83,1,9,10,60,Medium
145,44,Female,Business,Full-time,PhD,29,10,36,8,1,173,17,99,12,59,67,91,56,2,1,3,91,High
146,54,Female,Business,Part-time,Bachelors,20,11,25,4,9,85,14,62,9,78,96,86,77,9,12,3,71,High
147,35,Male,Engineering,Full-time,Bachelors,29,8,16,10,4,96,3,95,9,95,93,69,88,0,16,5,44,High
148,52,Female,Science,Full-time,Masters,6,3,0,7,2,162,8,75,21,87,88,84,41,2,0,5,80,Medium
149,49,Male,Engineering,Part-time,Masters,20,11,24,2,18,103,3,96,6,69,96,92,47,4,3,2,93,High
150,63,Female,Science,Part-time,PhD,18,0,33,6,12,196,15,40,21,75,82,70,85,2,17,13,62,Medium
151,57,Female,IT,Full-time,Masters,25,0,38,14,11,70,14,47,4,81,97,96,45,2,5,0,69,Low
152,25,Male,IT,Part-time,Masters,2,14,9,1,2,38,1,42,19,88,88,68,48,9,11,2,66,Medium
153,51,Male,Engineering,Part-time,Bachelors,25,11,19,7,5,104,13,53,6,87,64,66,40,5,19,7,95,Medium
154,37,Male,Engineering,Full-time,Bachelors,26,9,6,13,13,27,2,56,19,98,99,66,44,2,12,7,54,Medium
155,27,Male,Engineering,Full-time,Masters,6,14,15,6,3,50,3,73,9,73,70,93,78,2,1,5,80,Medium
156,63,Female,Business,Part-time,Bachelors,9,4,36,11,12,156,0,86,9,80,73,78,48,14,16,6,53,High
157,30,Male,Business,Part-time,Masters,25,13,28,4,18,141,8,45,24,89,61,79,53,8,9,1,60,Medium
158,32,Female,Business,Part-time,Bachelors,3,12,11,11,17,50,16,44,20,61,94,84,66,1,18,8,95,Low
159,51,Male,Engineering,Full-time,Bachelors,1,1,16,10,2,132,13,85,23,85,94,64,48,0,4,2,73,Medium
160,33,Female,Science,Full-time,Bachelors,1,14,19,3,19,152,16,90,12,59,87,88,75,9,11,1,65,Medium
161,61,Female,IT,Full-time,Bachelors,19,5,25,0,5,191,0,80,14,55,67,86,68,7,17,4,64,Medium
162,57,Female,Engineering,Full-time,Masters,5,6,18,4,15,152,9,79,5,56,91,84,59,12,8,0,89,Low
163,48,Female,Business,Full-time,PhD,13,0,11,11,19,187,15,68,19,80,63,96,54,13,10,4,84,Medium
164,39,Female,Business,Full-time,Bachelors,19,5,20,8,2,31,18,74,11,76,66,74,75,2,3,9,70,High
165,56,Female,Engineering,Full-time,Masters,12,7,33,9,11,155,2,57,18,57,98,63,42,6,9,3,99,Low
166,56,Male,Engineering,Part-time,Masters,16,11,6,3,18,89,11,79,10,52,86,73,95,1,0,11,92,Medium
167,48,Female,Business,Part-time,Bachelors,25,4,34,12,18,139,2,87,5,89,96,76,92,10,1,5,87,High
168,36,Male,Science,Full-time,PhD,25,13,14,8,3,45,14,69,0,96,76,80,62,10,8,11,45,Low
169,63,Male,Business,Full-time,Bachelors,19,11,0,11,0,29,16,54,1,70,69,75,97,11,17,4,87,High
170,26,Female,Business,Full-time,Masters,3,6,25,1,1,153,17,92,22,50,63,85,93,7,15,8,43,Medium
171,27,Male,Engineering,Part-time,PhD,12,9,34,3,12,76,6,54,14,94,82,68,85,8,13,4,63,Medium
172,61,Female,Science,Full-time,Masters,5,5,24,8,12,129,18,55,3,99,73,61,48,7,3,12,81,High
173,41,Male,Business,Part-time,Bachelors,2,3,14,3,1,167,6,96,4,64,64,74,69,7,1,7,70,High
174,26,Female,Business,Part-time,PhD,22,14,21,4,18,64,4,72,14,56,61,94,58,7,11,11,58,Medium
175,26,Male,IT,Part-time,Masters,7,14,5,10,15,75,7,49,10,64,83,83,77,13,19,12,50,Low
176,52,Female,Engineering,Part-time,Masters,13,6,14,7,11,35,15,58,9,74,77,97,42,6,4,1,68,Low
177,47,Female,IT,Part-time,Masters,25,9,23,0,0,194,15,76,16,52,86,73,89,1,3,2,44,Low
178,61,Female,IT,Full-time,Bachelors,15,8,20,0,8,139,18,89,1,79,83,96,87,7,14,2,57,Medium
179,56,Female,Business,Full-time,PhD,22,9,6,8,16,65,14,42,19,63,88,96,42,4,2,2,42,Low
180,57,Male,Engineering,Part-time,Bachelors,3,9,28,8,9,199,6,75,23,53,70,65,73,5,16,5,79,Medium
181,25,Female,Science,Full-time,Bachelors,28,12,31,3,17,43,4,43,9,85,77,77,41,3,7,6,50,Medium
182,43,Male,Business,Part-time,Bachelors,21,6,31,12,18,65,10,50,19,52,63,81,97,0,11,6,60,Low
183,26,Male,Science,Part-time,PhD,20,11,4,1,6,64,9,80,2,54,92,77,66,12,7,11,69,Low
184,50,Male,Science,Full-time,Bachelors,5,13,3,12,18,29,8,72,18,74,73,61,62,4,19,6,58,Medium
185,56,Female,Engineering,Full-time,Bachelors,24,4,21,8,14,59,0,67,4,80,91,91,81,2,19,11,92,High
186,30,Male,IT,Full-time,Bachelors,8,6,17,13,8,162,19,71,2,60,63,76,71,8,4,2,64,Low
187,56,Male,Engineering,Full-time,Bachelors,22,2,34,3,9,93,0,96,7,57,79,60,86,3,5,0,74,High
188,28,Male,Science,Full-time,Masters,1,1,16,5,19,162,7,55,4,75,80,68,74,9,4,5,51,Low
189,35,Female,Business,Part-time,Bachelors,8,10,23,11,19,62,2,48,11,51,62,72,79,1,7,2,86,Medium
190,41,Female,Science,Full-time,Masters,24,14,1,0,3,151,1,50,13,77,84,95,57,3,17,12,65,Medium
191,62,Male,Business,Full-time,Bachelors,18,4,12,11,5,197,3,45,6,97,63,96,66,2,3,14,94,Medium
192,48,Female,Business,Full-time,PhD,20,3,14,8,3,120,18,98,10,59,70,89,50,2,3,2,95,Medium
193,29,Female,Engineering,Part-time,Masters,28,4,4,4,4,180,10,88,7,99,75,90,78,4,4,14,87,High
194,58,Male,Science,Full-time,Masters,16,7,2,14,8,199,4,66,4,88,95,82,58,0,14,2,44,Low
195,30,Male,IT,Part-time,Masters,18,11,36,2,11,121,9,51,7,86,65,87,64,4,5,14,58,Low
196,46,Female,Science,Full-time,Masters,20,3,36,3,7,78,7,61,11,88,90,69,46,7,15,8,66,High
197,35,Male,Science,Full-time,PhD,12,14,36,0,4,11,12,79,14,70,99,84,70,14,13,11,77,Medium
198,40,Female,IT,Part-time,Bachelors,13,8,2,13,10,191,4,87,18,77,72,95,96,14,13,14,68,High
199,57,Female,Engineering,Full-time,Masters,13,6,34,8,10,25,11,76,15,87,82,85,41,9,15,3,51,Medium
200,33,Female,Science,Full-time,PhD,10,9,22,13,12,192,12,60,13,82,63,85,77,11,3,4,58,High
201,30,Female,Science,Part-time,Masters,7,12,27,7,13,103,7,72,6,60,96,72,44,8,10,2,48,Low
202,40,Female,Business,Full-time,Bachelors,25,11,29,3,7,180,14,56,7,94,96,76,53,11,18,9,57,Medium
203,53,Female,Science,Part-time,Masters,14,6,17,1,17,198,12,95,6,93,92,99,57,0,18,12,68,High
204,27,Male,IT,Part-time,PhD,24,14,35,13,18,175,0,68,17,50,88,63,75,13,7,14,42,Medium
205,44,Male,Business,Part-time,Bachelors,16,12,32,8,11,54,5,92,23,96,96,82,43,1,9,11,62,High
206,60,Female,Engineering,Part-time,PhD,15,12,25,3,11,135,10,79,5,82,78,94,63,1,4,0,69,Medium
207,43,Female,Business,Part-time,Bachelors,12,7,39,8,17,188,12,49,18,52,79,70,52,5,15,14,85,Low
208,50,Female,IT,Full-time,Bachelors,9,11,16,9,9,179,19,57,3,75,91,71,94,0,2,11,97,Medium
209,27,Male,IT,Full-time,Bachelors,8,5,39,2,6,33,0,86,22,64,75,68,60,10,9,3,63,Medium
210,43,Female,Business,Full-time,Masters,18,7,6,6,17,124,10,91,2,90,64,74,96,0,12,14,92,Medium
211,44,Male,Engineering,Part-time,PhD,23,2,7,6,11,167,10,52,16,63,71,96,72,1,6,0,76,Low
212,56,Female,Business,Part-time,PhD,18,9,30,9,13,174,7,66,21,72,80,64,59,14,11,10,76,Medium
213,31,Female,Engineering,Part-time,PhD,13,9,11,12,14,132,2,49,18,57,73,78,44,11,13,10,43,Low
214,57,Male,Business,Part-time,Bachelors,28,13,30,3,15,190,18,71,14,85,96,70,63,12,9,6,96,High
215,64,Male,IT,Full-time,Masters,27,0,18,1,1,148,11,80,5,69,81,68,74,3,8,6,93,High
216,63,Female,Science,Full-time,Bachelors,18,5,9,10,17,87,5,84,11,55,89,94,69,1,11,14,67,Medium
217,42,Female,Science,Part-time,PhD,15,0,38,8,11,160,7,42,18,82,82,86,67,3,2,3,55,Low
218,64,Female,Engineering,Part-time,Masters,4,8,11,3,15,126,4,61,5,77,64,72,92,2,12,14,52,Medium
219,25,Male,Engineering,Full-time,Masters,17,13,19,7,12,89,9,66,10,99,88,71,90,2,5,4,47,High
220,35,Male,Engineering,Part-time,Masters,5,1,36,13,19,59,15,94,19,87,89,68,84,14,5,9,95,High
221,52,Male,IT,Part-time,PhD,22,10,6,1,16,94,11,42,19,79,77,87,46,8,18,6,92,Low
222,49,Male,Business,Part-time,Masters,16,1,13,7,17,192,16,72,9,95,60,72,81,7,6,12,87,High
223,47,Male,IT,Full-time,Masters,9,6,10,10,2,192,5,41,15,92,98,79,74,11,3,5,99,High
224,55,Male,Science,Full-time,Bachelors,10,1,6,9,9,13,8,50,17,66,76,72,94,11,4,12,64,Low
225,54,Female,Engineering,Part-time,Bachelors,24,9,28,4,0,191,9,85,13,58,62,86,69,9,0,3,41,Medium
226,59,Female,Business,Full-time,Masters,18,7,9,6,5,70,19,49,3,77,66,85,73,8,17,3,69,Low
227,31,Male,Science,Part-time,Masters,17,5,28,6,2,120,13,78,11,56,86,88,78,0,16,1,79,Medium
228,40,Female,Science,Part-time,Bachelors,18,13,8,11,18,87,13,94,19,95,87,88,48,11,8,9,42,High
229,50,Female,Science,Full-time,Bachelors,7,6,35,8,3,92,16,99,22,77,90,81,99,4,8,1,62,High
230,26,Male,IT,Part-time,Bachelors,4,6,9,2,19,142,15,72,20,66,74,68,92,11,9,11,68,High
231,25,Female,Engineering,Part-time,PhD,26,5,18,9,2,109,3,97,7,89,67,83,51,11,19,3,80,High
232,36,Male,Science,Full-time,PhD,5,9,30,3,7,155,1,46,6,97,65,78,93,3,16,4,69,High
233,29,Male,Engineering,Part-time,Bachelors,28,10,16,9,7,181,15,54,8,93,87,97,68,10,12,3,50,Medium
234,61,Female,IT,Part-time,Masters,23,8,8,3,6,40,0,65,23,93,63,90,49,13,3,13,60,Medium
235,56,Male,Science,Part-time,Bachelors,16,12,32,14,1,128,2,50,24,54,89,98,66,8,17,2,66,Medium
236,33,Male,IT,Full-time,PhD,3,8,33,12,5,103,10,77,16,54,76,74,58,13,17,10,63,Low
237,59,Male,IT,Part-time,Masters,26,14,23,9,15,158,15,66,9,63,93,91,52,2,8,1,91,Medium
238,43,Male,Engineering,Full-time,PhD,18,6,8,4,9,184,17,93,2,55,65,88,81,4,2,3,70,Low
239,40,Male,Science,Part-time,Masters,29,8,6,13,3,39,14,78,20,56,95,93,76,7,6,13,69,Low
240,27,Male,IT,Part-time,PhD,23,12,15,5,12,64,8,46,24,66,94,68,71,9,14,10,40,Low
241,44,Male,Science,Part-time,Masters,21,9,18,14,9,114,11,40,7,58,98,94,54,14,8,4,40,Low
242,48,Male,Engineering,Part-time,Masters,14,2,38,2,13,50,17,49,13,80,98,65,60,4,8,0,93,High
243,57,Female,IT,Full-time,Masters,15,2,5,12,8,182,4,60,6,71,75,96,42,8,3,14,47,Low
244,48,Female,Engineering,Full-time,Masters,17,0,10,3,10,83,7,54,15,94,61,73,47,1,17,12,87,High
245,35,Female,Science,Part-time,PhD,1,4,11,2,17,167,2,69,17,58,67,68,45,5,16,0,81,Low
246,32,Male,Science,Part-time,PhD,25,14,12,1,10,86,1,69,10,65,74,78,68,4,5,5,73,Low
247,60,Male,Engineering,Part-time,Masters,21,3,11,9,16,94,18,47,5,85,86,82,58,8,6,4,55,Medium
248,62,Female,Business,Part-time,Masters,17,1,20,11,1,182,7,63,19,83,75,87,56,6,9,10,66,Low
249,64,Female,IT,Part-time,PhD,23,8,9,8,2,113,1,58,20,94,60,75,49,7,9,3,43,High
250,44,Female,Science,Part-time,Masters,25,2,19,0,10,182,18,42,13,62,69,85,72,6,5,0,58,Low
251,59,Male,Science,Part-time,Masters,11,14,35,1,17,88,0,94,20,68,66,97,52,12,5,11,68,Medium
252,49,Female,IT,Part-time,Masters,17,7,27,7,2,93,12,54,12,61,69,99,66,9,18,13,80,Medium
253,59,Female,Engineering,Full-time,Bachelors,26,5,23,14,14,182,19,75,3,85,71,84,81,9,7,6,42,High
254,49,Male,Engineering,Full-time,Masters,14,13,4,6,10,192,16,45,19,59,76,94,51,4,8,14,50,Low
255,53,Female,Engineering,Full-time,Bachelors,29,12,36,11,10,196,2,96,19,65,71,64,41,10,0,3,47,High
256,42,Male,Business,Part-time,Masters,20,4,11,0,19,142,8,81,10,77,74,66,49,12,15,2,78,High
257,42,Male,Business,Part-time,PhD,19,0,34,4,10,133,4,89,17,68,91,82,60,13,5,13,72,High
258,26,Male,Science,Part-time,Bachelors,21,3,39,9,18,41,5,87,0,89,91,84,62,4,7,6,47,High
259,59,Female,Engineering,Full-time,Bachelors,7,2,1,5,0,15,3,57,11,55,85,60,40,12,14,1,64,Low
260,40,Female,IT,Part-time,Masters,24,0,38,4,4,103,16,77,17,53,73,81,72,10,11,9,63,High
261,60,Male,Science,Full-time,Masters,13,11,8,3,9,35,15,58,6,79,85,63,91,3,9,0,65,Medium
262,57,Female,IT,Part-time,Bachelors,18,14,21,13,9,46,15,88,11,88,64,87,65,1,15,10,65,High
263,28,Female,Science,Full-time,PhD,23,4,4,12,13,22,10,89,0,80,97,73,54,13,14,3,56,Medium
264,57,Female,Business,Full-time,PhD,14,5,11,0,1,102,1,69,21,95,63,92,61,8,10,12,66,High
265,38,Female,Science,Full-time,Masters,1,1,0,6,3,34,16,52,3,76,87,63,64,9,6,7,68,Medium
266,45,Male,Business,Part-time,PhD,7,14,21,8,1,150,14,78,17,94,60,70,40,9,7,12,82,Medium
267,44,Female,Science,Full-time,PhD,8,13,37,5,17,29,17,91,14,70,72,98,98,11,10,5,78,Medium
268,32,Male,Engineering,Part-time,Masters,18,2,18,2,12,81,9,51,2,86,62,91,65,9,8,8,48,Medium
269,31,Male,IT,Part-time,PhD,9,10,15,14,18,197,5,73,6,58,84,63,60,9,6,0,53,Medium
270,27,Female,Engineering,Part-time,Masters,1,13,30,9,4,158,15,98,5,84,75,60,80,2,14,0,44,High
271,41,Male,Science,Part-time,Bachelors,29,14,2,13,19,124,4,51,14,91,80,85,63,10,14,10,89,High
272,57,Female,Science,Part-time,Masters,22,5,22,3,1,136,11,83,14,96,72,92,78,10,15,4,69,High
273,36,Female,Science,Full-time,Bachelors,17,3,17,9,10,198,5,63,5,70,95,76,55,2,2,5,95,Low
274,46,Male,Business,Part-time,Bachelors,19,8,25,4,17,35,13,43,7,66,67,86,71,2,15,7,96,Medium
275,46,Male,IT,Part-time,PhD,27,4,12,14,5,63,15,75,7,73,78,64,55,7,14,2,94,High
276,54,Male,IT,Part-time,PhD,6,3,17,11,9,179,6,89,21,80,75,66,52,5,0,5,67,Medium
277,62,Male,Science,Part-time,PhD,3,1,2,11,16,148,1,87,0,55,71,84,81,0,13,2,84,Low
278,62,Female,Science,Part-time,Masters,24,5,22,0,10,174,5,53,12,84,79,67,71,11,10,7,76,Medium
279,32,Female,Business,Full-time,PhD,5,9,2,4,18,134,8,56,22,99,77,93,89,12,2,11,47,High
280,51,Female,Engineering,Full-time,Bachelors,2,1,24,0,16,20,6,88,23,86,71,63,80,14,8,10,54,High
281,51,Male,Engineering,Part-time,PhD,20,11,26,8,3,36,1,42,20,62,84,71,83,13,5,10,93,High
282,58,Male,IT,Full-time,PhD,25,12,26,6,13,103,18,77,12,74,70,90,63,2,15,3,67,Medium
283,45,Male,Business,Full-time,Masters,4,6,38,2,19,92,7,62,10,81,81,70,52,3,10,1,75,Low
284,54,Female,Science,Part-time,Masters,10,2,24,8,3,43,10,52,3,50,93,96,50,12,17,11,72,Low
285,57,Male,IT,Full-time,Bachelors,10,8,23,1,13,47,3,48,6,98,72,95,54,1,16,8,45,Low
286,52,Female,Business,Part-time,Masters,24,10,7,11,3,198,15,60,11,84,97,81,49,5,16,14,95,Medium
287,57,Male,Engineering,Full-time,PhD,21,4,8,6,5,96,17,80,12,68,71,60,81,9,2,9,90,High
288,29,Female,Business,Full-time,Masters,11,7,36,8,8,190,12,47,21,61,98,63,80,11,18,14,51,Low
289,43,Female,Engineering,Full-time,Bachelors,27,10,29,5,11,74,4,56,11,89,95,95,96,0,14,12,46,Medium
290,28,Male,Business,Part-time,PhD,16,5,18,9,7,140,1,55,15,89,87,67,96,0,9,7,84,High
291,59,Male,IT,Full-time,Bachelors,26,13,15,4,3,165,10,55,5,96,86,84,42,7,7,14,67,Medium
292,41,Female,Engineering,Full-time,Masters,29,11,23,11,4,151,0,98,13,92,98,87,94,3,16,5,46,High
293,52,Female,IT,Part-time,Masters,29,9,20,6,5,61,12,67,18,69,72,97,55,14,3,2,80,High
294,54,Male,IT,Part-time,Bachelors,17,7,35,13,4,39,4,90,15,82,99,95,83,14,7,1,40,High
295,53,Male,Engineering,Full-time,PhD,16,12,39,14,18,195,17,95,3,78,86,95,56,0,1,12,92,High
296,30,Female,Engineering,Part-time,Masters,7,12,38,14,7,191,13,55,4,65,90,63,64,6,7,3,63,Low
297,59,Male,Science,Full-time,Masters,16,10,5,5,8,122,12,96,8,63,61,72,69,8,6,3,84,High
298,61,Female,Science,Full-time,PhD,3,11,4,4,14,152,6,85,23,56,77,97,86,9,8,0,58,Medium
299,48,Female,Science,Part-time,Masters,26,2,13,13,3,175,7,91,2,55,85,84,96,6,17,14,92,High
300,53,Male,IT,Part-time,Bachelors,16,2,3,1,8,151,17,85,21,70,90,62,74,0,16,8,71,Low
301,55,Male,IT,Part-time,Masters,8,4,7,7,6,194,6,53,9,85,97,91,76,0,0,9,69,High
302,59,Male,Science,Full-time,Masters,12,10,23,14,7,196,19,85,16,71,81,98,99,11,11,7,40,Medium
303,57,Male,IT,Part-time,PhD,3,9,10,12,14,17,16,83,18,89,95,60,52,0,3,6,71,Low
304,45,Male,IT,Full-time,Bachelors,17,2,16,6,18,81,15,77,9,68,78,70,63,14,16,5,96,Medium
305,56,Female,Engineering,Part-time,PhD,21,7,20,5,14,156,10,59,11,74,73,61,77,7,6,2,59,High
306,47,Female,Engineering,Full-time,Masters,18,9,25,4,4,41,18,84,22,52,73,64,65,6,2,3,60,Medium
307,57,Male,IT,Part-time,Masters,11,12,26,4,18,104,0,87,6,85,88,81,97,13,0,1,58,High
308,27,Male,Science,Full-time,PhD,4,11,15,8,6,166,7,80,17,94,76,72,48,2,18,6,69,Medium
309,42,Male,Business,Part-time,PhD,16,13,25,0,5,50,0,73,18,83,96,82,58,2,1,1,89,Medium
310,49,Female,Science,Full-time,PhD,17,7,32,8,18,84,8,93,14,60,68,90,67,11,5,13,67,High
311,55,Male,Business,Part-time,Bachelors,9,1,30,5,16,54,18,98,6,97,60,94,46,2,10,14,71,Medium
312,27,Male,Science,Part-time,Masters,6,11,5,3,9,22,8,68,11,91,63,97,84,1,3,9,69,Medium
313,64,Female,Engineering,Full-time,PhD,24,3,7,9,18,164,9,42,21,96,66,94,61,13,0,0,62,Medium
314,48,Female,IT,Part-time,Masters,27,9,6,13,10,28,10,49,6,76,70,72,69,13,10,5,66,Low
315,56,Male,IT,Full-time,Bachelors,20,12,33,6,14,163,0,59,9,91,73,66,76,3,15,3,76,High
316,46,Male,Engineering,Full-time,Bachelors,25,0,13,8,9,62,19,41,24,51,78,64,55,6,5,14,98,Low
317,47,Male,Business,Part-time,Bachelors,2,3,15,4,10,188,7,66,23,55,99,88,75,8,10,7,65,Low
318,26,Female,Business,Full-time,Bachelors,9,11,8,13,2,174,19,71,21,95,62,67,44,2,7,0,42,Low
319,51,Male,Business,Part-time,Masters,28,12,9,4,2,146,11,95,19,51,67,67,68,9,19,8,70,Medium
320,26,Male,Engineering,Part-time,Bachelors,21,12,16,7,17,189,0,49,9,91,88,66,91,6,0,5,41,Medium
321,50,Male,Business,Full-time,Bachelors,29,10,11,6,10,191,9,79,24,66,96,78,90,11,13,13,97,High
322,41,Female,Engineering,Part-time,PhD,6,12,5,12,19,12,3,56,22,89,68,98,62,14,1,1,93,Medium
323,64,Female,Science,Full-time,Bachelors,3,3,18,12,17,105,14,97,4,97,78,82,45,3,5,7,49,High
324,57,Male,Science,Full-time,PhD,20,9,28,7,14,145,18,93,17,63,71,95,75,0,8,4,77,High
325,33,Male,Engineering,Part-time,Bachelors,6,8,5,10,6,23,5,72,8,59,86,91,96,4,13,4,58,Low
326,63,Female,IT,Part-time,Bachelors,7,14,24,11,9,129,4,45,15,94,96,63,72,7,7,4,70,Low
327,53,Female,Science,Full-time,PhD,1,2,23,9,19,140,4,78,6,82,84,89,88,2,2,6,68,Medium
328,50,Female,Business,Full-time,Bachelors,23,14,24,1,9,161,17,86,24,91,97,98,80,9,9,6,64,High
329,59,Female,Engineering,Part-time,Masters,1,1,15,8,12,22,2,57,24,61,76,64,55,3,17,9,71,Low
330,49,Female,Business,Part-time,Masters,5,8,15,2,14,180,1,48,9,81,92,62,94,14,19,10,56,Medium
331,48,Female,Business,Part-time,Bachelors,6,8,5,5,17,166,3,47,4,98,98,81,73,2,8,6,90,Medium
332,37,Female,IT,Part-time,Masters,13,0,36,5,3,81,17,64,6,73,73,87,82,14,8,11,84,High
333,31,Female,Business,Full-time,PhD,2,5,20,1,19,188,8,70,4,63,87,81,65,9,18,9,88,Medium
334,60,Female,IT,Part-time,Bachelors,15,9,3,11,16,179,18,81,14,54,77,81,76,13,12,1,62,High
335,44,Male,Science,Full-time,Bachelors,15,7,33,12,2,168,9,43,18,54,92,93,52,13,0,7,57,Low
336,25,Male,Engineering,Full-time,PhD,13,2,27,6,1,163,14,59,9,96,74,88,91,7,16,0,50,High
337,32,Male,Business,Part-time,PhD,26,10,37,8,3,155,0,67,7,81,70,72,56,9,3,12,98,High
338,40,Female,Engineering,Full-time,PhD,25,8,27,11,0,91,10,79,23,94,95,66,71,7,3,13,99,High
339,38,Male,Business,Part-time,Bachelors,14,1,16,9,14,66,13,40,8,98,74,69,71,13,15,1,91,High
340,36,Female,Engineering,Full-time,PhD,26,5,13,10,0,16,9,79,10,82,89,87,67,3,15,10,59,Medium
341,47,Female,Business,Part-time,PhD,22,0,6,0,5,121,18,94,21,95,74,63,68,10,14,6,52,High
342,39,Male,Business,Full-time,Masters,7,12,21,7,6,57,15,83,1,53,82,91,64,1,5,3,63,Medium
343,52,Female,Business,Full-time,Masters,14,6,0,1,18,89,7,62,2,79,74,81,86,11,4,10,82,Medium
344,58,Male,Business,Part-time,Bachelors,26,2,28,13,11,128,1,96,12,90,88,79,61,2,9,9,59,High
345,26,Male,Business,Part-time,Masters,24,6,30,0,0,129,6,86,10,66,70,79,66,2,6,9,90,Low
346,56,Male,Business,Full-time,Masters,27,3,29,7,6,69,18,52,9,52,77,65,83,3,6,8,81,Medium
347,47,Female,Business,Full-time,PhD,29,8,14,1,18,42,6,55,14,62,99,68,77,10,9,10,67,Low
348,46,Male,Business,Part-time,PhD,10,4,17,5,12,124,14,65,5,93,90,87,59,12,9,8,74,Medium
349,49,Female,Business,Full-time,Masters,17,2,34,14,11,137,7,94,0,97,68,72,84,1,14,13,60,High
350,46,Male,Engineering,Part-time,Masters,14,14,29,5,11,12,13,70,13,85,81,90,89,1,5,2,45,High
351,46,Male,IT,Full-time,Masters,8,7,33,4,12,13,0,89,17,67,70,98,63,2,1,12,46,Medium
352,30,Male,Business,Part-time,Bachelors,4,5,10,7,13,109,12,40,23,72,76,73,86,11,7,13,68,Low
353,39,Female,IT,Full-time,Bachelors,26,1,26,2,11,13,2,56,10,84,92,81,86,0,19,12,92,High
354,61,Female,Business,Part-time,Bachelors,16,2,23,12,19,51,5,55,7,98,70,96,47,7,14,2,62,Low
355,57,Female,Business,Part-time,Masters,24,7,34,9,11,18,18,94,21,82,98,83,90,5,17,8,91,High
356,32,Male,Engineering,Full-time,Masters,13,14,38,14,5,60,14,76,2,85,67,67,94,2,4,12,44,High
357,29,Male,Science,Part-time,Bachelors,22,9,7,3,9,154,3,91,13,66,63,74,53,0,3,9,61,Medium
358,63,Female,Science,Full-time,Bachelors,27,6,17,6,19,154,2,92,1,88,95,65,78,2,9,14,48,High
359,28,Female,Engineering,Part-time,Masters,25,9,12,14,8,106,3,49,15,83,78,82,53,0,18,11,71,Low
360,30,Female,IT,Part-time,PhD,27,5,23,6,1,29,4,97,5,61,83,84,44,2,13,7,93,High
361,56,Female,Science,Part-time,Bachelors,20,13,22,12,6,151,17,77,0,54,77,90,86,3,12,0,49,Low
362,54,Female,Engineering,Full-time,Masters,18,0,11,11,8,31,9,83,13,97,92,88,60,5,9,5,85,High
363,59,Female,Engineering,Part-time,Masters,14,8,29,13,11,189,7,70,9,89,95,82,54,6,5,6,82,High
364,64,Male,Science,Full-time,PhD,18,2,30,7,4,36,11,49,5,76,69,69,95,6,12,13,88,Medium
365,40,Female,IT,Part-time,Masters,5,13,27,1,0,52,2,93,8,89,73,68,75,8,10,10,67,Medium
366,37,Male,Engineering,Full-time,Masters,26,4,21,10,14,140,17,88,6,62,66,72,72,7,14,13,50,Low
367,54,Male,Business,Full-time,Bachelors,9,6,27,11,7,103,7,73,24,75,71,91,56,12,1,7,46,High
368,43,Female,IT,Full-time,Bachelors,28,14,12,1,0,17,0,90,1,63,81,60,96,3,14,11,69,High
369,41,Female,IT,Part-time,PhD,3,6,24,3,17,95,13,91,10,81,86,60,59,5,18,11,82,High
370,43,Male,Science,Full-time,PhD,8,2,6,12,12,98,12,45,13,60,96,96,40,10,16,1,84,Low
371,52,Female,Science,Part-time,Masters,20,14,5,9,0,147,11,67,4,87,70,99,55,0,19,13,98,Medium
372,50,Female,Business,Full-time,Bachelors,22,3,23,12,4,122,2,67,8,65,95,77,84,7,17,0,90,Low
373,61,Male,Engineering,Full-time,PhD,10,9,18,8,17,166,17,98,6,71,72,95,57,5,5,3,77,High
374,50,Male,Science,Full-time,PhD,22,6,18,9,15,177,12,52,24,96,91,90,49,1,14,0,73,High
375,47,Male,Science,Full-time,PhD,19,7,35,11,9,30,14,80,13,65,67,60,62,7,16,1,85,High
376,33,Female,IT,Part-time,Masters,21,1,8,8,3,161,9,51,15,62,66,95,57,3,8,2,67,Low
377,36,Male,Science,Full-time,Bachelors,28,8,35,12,0,197,0,89,21,61,76,68,88,8,11,3,71,High
378,25,Female,Science,Full-time,PhD,3,6,37,12,7,163,5,79,15,67,81,81,97,3,4,11,55,High
379,25,Male,Science,Part-time,Bachelors,11,12,39,3,4,18,8,96,6,78,93,87,48,0,13,11,78,High
380,58,Male,Science,Full-time,PhD,11,7,28,8,1,157,9,89,9,67,79,85,85,6,7,5,40,Medium
381,56,Male,IT,Full-time,PhD,17,5,23,14,16,193,14,96,20,95,67,69,92,9,16,7,73,High
382,49,Female,Business,Full-time,Bachelors,16,5,4,13,6,45,8,94,5,51,81,62,69,4,8,8,80,Low
383,64,Female,Business,Full-time,Bachelors,7,8,25,2,16,45,13,96,16,51,86,61,52,9,2,14,96,Low
384,25,Male,Engineering,Part-time,Bachelors,4,3,13,11,5,82,10,93,0,52,93,96,91,10,6,3,62,Medium
385,40,Male,Science,Part-time,Masters,23,10,38,4,14,159,6,41,1,78,80,90,91,11,11,0,89,Medium
386,63,Male,IT,Full-time,PhD,19,10,28,9,4,10,1,47,13,57,74,92,70,4,2,13,92,Low
387,29,Female,Engineering,Part-time,Masters,12,4,5,8,14,78,13,81,3,60,64,91,85,3,8,4,59,Medium
388,46,Male,Engineering,Part-time,Bachelors,15,8,6,5,17,46,5,48,8,61,97,71,82,5,13,4,57,Low
389,53,Female,Business,Full-time,PhD,11,0,36,2,17,81,4,99,22,81,76,62,52,0,17,8,57,Medium
390,27,Male,IT,Part-time,Masters,5,3,17,9,5,116,4,95,5,53,67,85,71,2,10,5,81,High
391,36,Male,IT,Full-time,PhD,5,6,22,8,1,105,18,89,16,58,78,73,56,10,3,4,79,Low
392,50,Male,IT,Part-time,Masters,15,10,37,5,16,150,18,47,20,73,64,71,42,11,7,9,60,Low
393,40,Male,Business,Part-time,Bachelors,29,14,0,3,3,93,5,90,10,98,82,85,40,6,17,9,47,Medium
394,61,Male,Business,Part-time,Masters,18,8,3,13,11,52,9,42,3,65,78,75,92,10,12,4,73,Low
395,46,Male,Business,Full-time,PhD,11,14,34,3,18,46,13,48,20,66,73,67,44,7,3,7,89,Low
396,53,Female,Business,Part-time,PhD,26,13,22,7,1,34,16,52,8,96,69,87,71,11,9,10,50,Medium
397,38,Male,Business,Full-time,PhD,12,12,26,6,1,158,2,48,15,71,90,66,64,8,7,0,82,Low
398,52,Female,Science,Full-time,PhD,2,10,25,0,13,178,0,70,2,56,72,74,84,0,11,4,90,Low
399,29,Male,Science,Part-time,Bachelors,20,11,7,5,14,82,9,64,3,59,81,95,95,3,18,0,82,Medium
400,54,Male,IT,Full-time,Masters,15,12,15,7,19,179,2,91,23,78,96,67,44,1,11,14,49,High
401,29,Female,Engineering,Part-time,Bachelors,20,9,2,2,1,51,4,83,2,85,98,69,76,1,1,6,47,Low
402,36,Male,IT,Full-time,Bachelors,4,5,31,13,3,11,18,94,12,73,69,74,62,0,7,13,86,High
403,40,Female,Engineering,Full-time,Bachelors,22,11,4,8,18,145,9,84,18,95,90,77,51,4,12,14,47,Medium
404,50,Female,Business,Part-time,PhD,18,7,19,9,8,105,15,47,24,63,94,96,73,1,0,6,58,Low
405,50,Male,Engineering,Part-time,PhD,6,12,13,1,6,70,0,86,20,63,72,94,62,3,2,12,40,Medium
406,45,Female,IT,Part-time,PhD,23,8,31,13,12,23,5,70,0,74,89,61,55,8,1,9,94,Medium
407,63,Female,IT,Part-time,Masters,27,9,25,5,11,122,8,84,22,95,93,81,88,10,19,7,91,High
408,60,Male,Engineering,Full-time,PhD,26,3,5,11,2,86,4,92,22,71,95,74,44,2,7,13,42,High
409,57,Female,Science,Full-time,Masters,19,0,35,0,12,30,13,84,5,99,94,96,83,14,2,6,92,High
410,54,Male,Business,Full-time,PhD,11,13,39,11,14,161,9,70,21,96,63,98,86,7,14,10,83,High
411,61,Male,Business,Part-time,PhD,28,7,4,10,13,187,1,56,2,72,63,95,67,9,1,8,71,Low
412,47,Male,IT,Full-time,Bachelors,24,1,12,14,8,182,4,86,2,81,65,64,45,12,16,7,87,Medium
413,34,Male,Science,Part-time,Bachelors,2,10,31,1,12,73,0,96,15,75,87,74,52,5,5,7,93,Medium
414,29,Female,Engineering,Full-time,Bachelors,27,0,15,12,3,163,9,93,9,76,89,86,82,9,0,2,55,High
415,60,Male,Business,Part-time,Masters,8,12,0,4,7,169,8,58,24,94,86,75,69,4,3,14,69,Medium
416,58,Male,Science,Full-time,Masters,29,6,12,0,2,66,2,42,16,61,64,95,65,1,18,9,88,Low
417,55,Female,Business,Full-time,PhD,11,11,10,7,1,128,14,85,6,68,98,97,56,10,6,14,67,Medium
418,34,Male,Science,Part-time,Masters,5,9,7,0,18,190,3,69,12,68,94,77,48,12,13,3,67,Medium
419,43,Male,Science,Full-time,PhD,18,8,24,12,7,170,12,49,10,83,98,94,96,2,13,3,55,Low
420,56,Female,IT,Part-time,Masters,23,10,39,8,16,61,5,88,9,81,74,84,55,7,9,0,80,High
421,25,Female,Business,Full-time,Masters,18,14,31,9,12,104,19,68,6,78,78,81,88,14,6,5,93,High
422,29,Female,Engineering,Full-time,Masters,14,11,23,10,6,155,16,79,23,70,89,90,91,11,15,1,90,High
423,28,Female,IT,Part-time,Bachelors,22,11,27,2,8,172,4,57,5,84,97,96,95,11,3,14,72,Medium
424,40,Female,IT,Part-time,Masters,10,8,13,11,11,149,14,51,23,91,91,93,57,8,6,8,64,Low
425,48,Female,Engineering,Full-time,Bachelors,3,2,2,1,13,188,7,88,0,54,99,82,52,10,14,13,57,Low
426,40,Female,IT,Full-time,Bachelors,9,5,35,14,13,98,4,62,16,61,88,75,68,10,16,0,65,Low
427,26,Male,Science,Full-time,Masters,3,6,26,0,14,19,12,50,24,56,65,65,82,6,2,0,45,Low
428,52,Female,Science,Full-time,PhD,11,13,19,8,2,61,0,48,11,90,85,74,84,0,15,10,77,High
429,56,Female,Business,Full-time,PhD,12,9,14,14,14,43,0,93,3,51,86,77,63,11,1,12,83,Medium
430,51,Female,Business,Full-time,PhD,12,8,26,3,18,124,6,95,2,74,94,97,97,11,6,9,42,High
431,44,Male,Engineering,Part-time,Masters,3,14,27,11,19,176,4,63,5,59,87,72,84,12,15,10,82,Medium
432,48,Male,Business,Part-time,PhD,21,1,24,0,13,145,13,64,15,87,64,83,83,12,8,5,45,Medium
433,36,Female,Science,Part-time,Bachelors,7,7,32,0,7,134,14,94,12,93,75,72,85,5,11,12,53,High
434,59,Female,Engineering,Full-time,PhD,14,13,13,6,4,166,16,64,8,55,77,60,52,6,0,0,57,Low
435,57,Female,Engineering,Full-time,Masters,24,6,7,1,18,159,17,86,10,76,72,95,64,11,13,11,55,Medium
436,57,Male,Business,Full-time,PhD,28,3,13,6,3,198,6,48,19,84,84,77,80,5,10,14,63,Medium
437,61,Male,Science,Part-time,Bachelors,11,1,0,11,13,52,17,51,24,59,69,92,85,9,17,2,52,Low
438,36,Female,Engineering,Part-time,Masters,7,7,15,14,15,186,18,50,20,58,88,97,40,10,4,9,40,Low
439,27,Male,Science,Full-time,PhD,25,10,17,6,19,38,19,88,12,69,69,65,48,12,14,1,77,Medium
440,25,Female,Science,Full-time,Masters,21,4,6,14,5,115,6,77,22,86,65,76,43,1,6,12,53,Low
441,57,Male,Science,Part-time,Masters,10,5,14,9,5,129,7,67,18,84,75,63,67,12,13,10,56,Medium
442,64,Male,Business,Part-time,Masters,11,13,23,13,2,90,12,47,2,86,84,73,51,8,19,8,96,Low
443,34,Female,IT,Part-time,PhD,15,10,12,8,14,40,17,49,11,89,63,89,63,2,7,4,52,Low
444,53,Female,IT,Full-time,Masters,19,6,8,12,2,190,10,64,18,57,96,79,85,5,3,5,52,Low
445,37,Female,Engineering,Full-time,PhD,16,14,14,6,10,171,8,86,7,95,93,67,48,5,2,1,48,Low
446,36,Female,Science,Full-time,Bachelors,22,14,34,12,2,137,0,75,13,80,78,61,74,7,11,7,45,High
447,55,Male,Business,Part-time,PhD,21,9,23,13,9,47,7,89,21,98,92,96,77,12,17,5,45,High
448,26,Male,Science,Part-time,Bachelors,28,0,32,0,17,194,11,82,8,92,63,63,74,3,14,10,96,High
449,59,Male,Science,Full-time,PhD,20,7,15,11,0,110,1,48,24,65,93,69,72,14,10,11,69,Medium
450,47,Female,Business,Full-time,Masters,12,3,7,12,15,141,14,80,23,77,71,79,97,5,10,7,76,Medium
451,41,Male,IT,Part-time,PhD,18,12,28,7,15,139,17,99,16,55,90,94,93,0,11,7,96,High
452,50,Female,Science,Full-time,Masters,23,8,22,7,9,21,16,47,5,81,75,69,92,8,18,13,92,High
453,32,Male,Science,Part-time,Bachelors,13,0,30,3,0,44,14,42,3,77,61,87,74,11,16,14,85,High
454,53,Female,IT,Part-time,PhD,5,10,39,12,3,119,19,92,3,60,61,74,85,8,5,0,53,High
455,50,Female,Business,Full-time,Masters,4,1,13,7,2,81,19,57,18,91,95,95,59,6,7,6,43,Medium
456,34,Male,Engineering,Part-time,Bachelors,28,13,29,3,4,158,8,85,11,72,65,60,41,10,14,1,73,Medium
457,50,Female,IT,Full-time,Bachelors,14,5,38,14,11,119,2,74,24,79,82,81,83,12,19,14,41,Medium
458,58,Female,Engineering,Part-time,PhD,8,10,26,7,11,70,19,56,1,58,98,86,65,0,9,10,56,Low
459,31,Male,Engineering,Part-time,Bachelors,9,9,15,4,12,172,18,75,16,77,96,88,81,2,14,7,81,High
460,28,Female,IT,Full-time,Masters,25,10,5,3,11,57,17,92,14,73,75,74,52,11,11,11,53,Medium
461,35,Female,Science,Part-time,Bachelors,19,13,32,5,15,152,19,67,9,77,78,69,69,4,10,1,90,Medium
462,53,Female,Engineering,Full-time,Bachelors,3,0,17,1,12,80,7,89,2,73,83,79,91,3,17,3,56,Medium
463,60,Male,Engineering,Full-time,Masters,5,3,15,11,4,152,0,54,19,64,86,81,71,4,4,1,93,Low
464,49,Male,Business,Part-time,Bachelors,21,7,11,1,3,143,14,58,3,88,66,68,75,6,11,12,69,Medium
465,45,Female,Science,Full-time,Bachelors,26,14,19,1,14,77,18,99,21,99,89,91,58,8,4,6,82,High
466,60,Male,Engineering,Full-time,Bachelors,18,9,39,8,11,31,9,61,0,82,73,76,61,0,9,4,68,Medium
467,34,Female,Business,Full-time,Bachelors,1,4,28,14,18,41,11,45,0,96,74,78,40,4,13,12,46,Low
468,61,Female,Science,Full-time,Masters,8,12,29,13,18,132,5,86,17,83,71,99,96,2,15,10,48,High
469,33,Female,IT,Full-time,Bachelors,19,8,25,9,10,31,12,46,3,71,88,86,50,2,4,12,85,Medium
470,48,Female,IT,Full-time,Masters,17,10,21,2,5,164,3,83,22,78,82,96,65,10,10,10,62,Medium
471,59,Female,Business,Part-time,Bachelors,17,10,32,14,8,119,12,87,21,83,72,93,87,1,18,8,75,High
472,59,Male,IT,Full-time,Bachelors,11,5,38,9,0,24,16,48,14,91,68,69,58,5,7,4,53,Low
473,60,Female,Engineering,Part-time,Bachelors,2,0,28,3,11,133,0,59,24,96,83,89,58,13,18,10,59,Low
474,42,Male,Science,Part-time,Bachelors,6,5,21,9,13,53,4,76,22,59,98,80,51,5,19,7,95,Medium
475,63,Male,Engineering,Full-time,Masters,22,5,12,11,5,124,16,50,20,94,89,80,42,2,17,1,91,High
476,56,Female,Engineering,Part-time,Masters,14,12,8,7,0,18,17,41,21,79,60,93,94,0,11,2,56,Low
477,48,Female,IT,Part-time,Masters,3,5,23,3,1,43,6,61,9,60,69,68,95,6,12,5,71,Medium
478,47,Male,Engineering,Full-time,PhD,12,7,14,10,10,82,15,87,24,83,97,93,57,1,17,10,64,High
479,56,Male,IT,Full-time,Bachelors,4,14,35,9,2,152,7,75,16,70,74,71,88,7,14,6,90,Medium
480,61,Male,Science,Full-time,Bachelors,12,5,12,9,9,199,11,44,24,62,68,80,44,2,14,13,69,Low
481,36,Female,Science,Part-time,Masters,13,4,26,12,5,54,13,46,21,74,72,79,87,0,11,9,88,Low
482,37,Male,Engineering,Part-time,PhD,2,14,36,6,5,81,18,45,11,70,82,65,63,9,8,7,96,Medium
483,47,Female,Business,Full-time,Bachelors,2,10,6,4,19,67,10,95,19,50,92,95,53,8,18,14,66,Low
484,49,Female,IT,Full-time,Masters,15,1,7,8,1,124,11,61,11,54,68,71,90,4,11,2,66,Low
485,59,Female,IT,Part-time,Bachelors,23,3,36,3,9,28,12,49,15,71,62,90,77,0,4,6,85,Low
486,54,Male,Engineering,Part-time,Bachelors,29,13,13,2,5,25,7,85,4,56,89,61,42,9,19,7,70,Medium
487,41,Female,IT,Part-time,Masters,17,14,11,12,16,84,0,79,15,62,68,75,45,10,9,9,84,Low
488,44,Female,IT,Part-time,Masters,7,9,35,1,13,115,8,85,16,94,84,60,51,5,6,14,65,Medium
489,49,Female,Business,Full-time,Bachelors,28,4,39,0,4,145,1,85,22,72,83,63,91,9,10,5,53,High
490,46,Female,Business,Part-time,Bachelors,14,9,16,10,16,170,13,59,14,70,91,60,50,2,7,3,97,Low
491,37,Female,Engineering,Part-time,Masters,12,3,39,5,1,83,12,67,12,55,66,94,78,10,6,12,87,Low
492,43,Male,Business,Part-time,Bachelors,17,1,28,9,8,27,15,62,7,69,95,72,98,14,15,5,60,Low
493,60,Female,Engineering,Part-time,Bachelors,14,6,26,1,11,172,1,74,20,61,84,90,65,3,15,8,67,Medium
494,36,Female,Science,Full-time,Masters,6,9,0,7,18,52,3,40,1,89,79,79,40,7,13,2,54,Low
495,43,Male,Engineering,Full-time,Bachelors,19,9,33,5,6,59,11,68,7,58,76,66,55,14,14,14,69,Medium
496,36,Female,Science,Part-time,Bachelors,24,1,3,11,8,12,15,48,9,99,95,99,87,4,19,1,64,High
497,33,Male,Engineering,Part-time,PhD,6,0,23,11,15,68,9,48,6,77,85,92,88,11,8,4,90,Medium
498,31,Female,IT,Full-time,Masters,27,13,20,4,19,37,2,61,9,60,78,87,86,5,15,6,93,Medium
499,52,Male,Business,Full-time,PhD,18,4,32,12,10,55,3,41,24,81,96,79,92,9,15,2,50,Medium
500,38,Male,Science,Part-time,PhD,24,11,6,1,11,73,5,55,3,60,62,91,48,3,4,4,83,Low
501,55,Female,Engineering,Part-time,PhD,5,12,0,6,14,79,4,79,10,73,87,68,44,5,2,3,50,Low
502,43,Female,Business,Full-time,Bachelors,24,0,2,1,17,56,17,97,8,64,81,93,91,2,12,10,67,Medium
503,40,Female,Engineering,Full-time,Bachelors,24,0,14,12,18,151,2,45,3,90,78,73,47,9,7,6,94,Medium
504,29,Male,Business,Full-time,PhD,6,14,30,13,15,144,9,94,2,84,75,63,60,11,16,1,44,High
505,59,Male,Business,Full-time,PhD,2,0,15,4,14,168,10,52,10,66,65,88,72,0,4,11,67,Medium
506,36,Male,Engineering,Full-time,PhD,8,5,9,1,4,115,18,72,2,74,96,74,78,5,5,10,47,Low
507,49,Female,Science,Full-time,Bachelors,15,8,28,10,10,90,13,58,17,98,90,76,82,13,1,12,65,High
508,45,Male,Science,Part-time,PhD,15,9,5,9,14,60,10,54,18,84,93,78,59,12,13,6,45,Medium
509,60,Male,IT,Full-time,PhD,11,12,28,10,17,38,3,72,13,68,90,97,97,0,3,11,71,High
510,47,Female,Business,Full-time,Masters,22,10,16,10,12,122,5,49,23,90,70,68,92,9,2,1,87,High
511,40,Male,IT,Full-time,Masters,22,11,21,1,3,152,16,40,10,80,95,86,84,11,8,2,71,Medium
512,63,Male,IT,Full-time,Bachelors,24,0,23,14,16,137,18,99,23,66,65,74,61,2,17,4,51,High
513,63,Female,Engineering,Part-time,Masters,1,4,16,6,3,99,12,51,1,99,86,96,52,11,11,6,45,Low
514,38,Male,Engineering,Part-time,Masters,18,14,20,8,15,34,9,82,1,72,66,87,78,7,8,12,52,High
515,55,Female,Engineering,Full-time,Masters,12,8,10,4,14,198,10,68,1,96,91,63,50,6,17,5,78,High
516,29,Female,Business,Part-time,Bachelors,12,13,6,6,13,50,5,56,9,50,67,80,57,7,12,11,79,Low
517,59,Female,Engineering,Part-time,Masters,25,8,38,3,11,78,1,43,22,59,92,93,69,9,13,6,83,Medium
518,47,Female,Engineering,Part-time,Bachelors,11,0,4,1,2,13,0,68,14,57,74,78,72,9,9,10,73,Medium
519,53,Female,Business,Part-time,PhD,28,7,20,2,9,114,10,94,21,91,86,96,83,1,2,5,62,High
520,35,Male,Business,Part-time,Masters,8,0,17,1,7,194,15,46,11,75,89,63,42,9,6,12,80,Low
521,42,Male,Science,Part-time,Bachelors,28,14,34,4,5,40,2,83,10,83,81,96,97,6,17,11,84,High
522,36,Female,Engineering,Full-time,Masters,7,7,19,5,13,140,4,52,16,68,88,91,99,13,15,0,56,Low
523,33,Female,Engineering,Full-time,PhD,23,0,14,14,16,126,14,44,17,63,89,71,40,3,16,14,84,Low
524,34,Male,Engineering,Full-time,Bachelors,21,11,4,14,18,99,14,99,13,57,61,75,75,0,5,4,87,Low
525,41,Female,Science,Full-time,Bachelors,2,4,12,6,15,187,3,45,16,50,74,73,45,10,11,11,99,Low
526,62,Female,Engineering,Full-time,Bachelors,11,7,11,2,14,154,3,73,14,97,86,60,76,2,18,0,40,Medium
527,31,Female,Science,Part-time,PhD,22,5,20,3,14,197,7,92,11,74,66,91,68,4,2,6,46,Medium
528,37,Male,IT,Full-time,PhD,10,8,36,7,0,75,6,46,15,73,86,80,50,13,2,3,52,Low
529,64,Male,Science,Full-time,PhD,3,0,5,3,11,97,16,85,22,96,80,63,91,9,17,4,53,High
530,33,Female,IT,Part-time,Bachelors,20,8,6,6,9,33,14,96,5,69,72,68,94,7,10,0,92,High
531,51,Female,Engineering,Part-time,PhD,29,0,25,11,13,108,4,93,1,79,76,81,52,1,5,7,56,High
532,26,Male,IT,Full-time,Masters,10,9,7,5,9,169,12,67,1,54,70,71,50,1,18,14,69,Medium
533,29,Male,Science,Part-time,PhD,28,9,8,6,9,114,3,85,15,52,69,89,98,7,4,3,87,Medium
534,53,Female,Business,Part-time,Bachelors,27,2,26,0,19,28,16,49,1,81,92,89,77,13,12,2,86,Low
535,61,Female,IT,Part-time,Masters,18,0,3,2,10,75,16,43,7,66,73,91,90,8,4,0,88,Low
536,62,Male,IT,Part-time,PhD,14,2,20,5,15,69,13,42,6,91,96,95,64,9,2,3,73,Medium
537,43,Male,Engineering,Full-time,Masters,18,11,30,2,8,124,13,64,0,54,67,66,54,12,18,2,66,Medium
538,32,Male,Science,Part-time,Masters,28,10,20,14,14,24,16,62,3,60,92,76,92,12,16,7,97,Medium
539,25,Female,IT,Full-time,Bachelors,24,12,39,13,13,94,7,66,10,87,66,60,52,0,2,8,64,High
540,46,Male,IT,Full-time,Masters,8,1,24,14,18,172,1,53,19,53,93,73,81,13,14,11,99,Low
541,41,Female,IT,Part-time,Masters,10,1,38,13,8,164,12,77,6,88,66,97,72,1,16,4,83,High
542,31,Male,IT,Part-time,Bachelors,22,8,14,6,3,97,15,71,17,68,66,85,52,14,12,8,74,Medium
543,49,Male,Business,Part-time,Bachelors,13,7,34,8,6,16,15,62,3,88,95,86,77,3,13,0,48,Medium
544,28,Male,Science,Full-time,Bachelors,21,0,36,2,7,15,5,86,16,95,66,75,92,11,15,6,45,High
545,60,Male,Engineering,Part-time,Masters,8,11,27,13,7,134,3,79,10,98,79,66,97,2,10,10,65,High
546,30,Female,Engineering,Part-time,Masters,4,13,13,0,18,42,2,76,10,72,77,91,63,0,16,13,77,High
547,55,Female,Business,Part-time,Masters,27,3,3,9,14,67,5,42,19,66,73,84,59,3,4,6,78,Medium
548,43,Male,Science,Part-time,Bachelors,4,12,19,14,15,186,3,74,10,62,99,90,83,10,14,5,97,High
549,63,Female,IT,Part-time,PhD,5,0,33,12,8,154,17,52,14,76,73,75,56,12,17,3,66,Low
550,51,Male,Business,Full-time,Masters,1,0,11,5,11,119,5,73,13,50,80,73,98,10,15,12,79,Medium
551,34,Male,Science,Part-time,PhD,17,11,32,11,15,51,4,63,16,51,86,84,89,1,13,10,98,Medium
552,50,Male,IT,Part-time,Bachelors,2,11,23,0,3,103,8,40,1,67,85,89,63,9,13,8,70,Low
553,43,Male,Business,Part-time,Masters,8,3,19,0,4,177,10,51,17,85,86,66,65,4,12,13,42,Low
554,63,Female,Science,Full-time,PhD,7,1,4,13,7,183,5,47,15,94,83,71,79,0,0,2,63,Low
555,27,Male,Engineering,Part-time,Masters,15,2,37,7,0,138,15,58,11,82,64,62,71,13,5,10,54,High
556,37,Male,Engineering,Full-time,Masters,26,10,29,8,5,88,18,48,9,85,97,86,68,7,10,14,93,Low
557,52,Female,Science,Full-time,Masters,25,8,23,1,14,104,10,67,15,51,87,78,53,9,10,10,45,Low
558,44,Male,Engineering,Part-time,PhD,5,1,39,8,3,120,14,53,2,53,91,96,76,1,15,0,50,Low
559,52,Male,Science,Part-time,Bachelors,2,3,6,4,10,106,8,99,7,65,83,66,61,10,2,14,69,High
560,32,Male,IT,Part-time,Masters,7,0,35,12,4,189,18,66,21,53,65,75,73,2,16,1,74,Medium
561,63,Female,Science,Full-time,Bachelors,8,1,37,7,17,172,18,57,21,58,69,91,66,2,13,2,87,Low
562,25,Male,IT,Full-time,Bachelors,28,4,15,6,14,128,8,81,24,98,62,67,67,3,1,1,77,High
563,27,Female,Business,Full-time,PhD,7,13,14,6,17,78,3,80,23,70,66,72,96,6,8,5,82,Medium
564,37,Male,Science,Full-time,PhD,7,9,22,3,19,142,9,45,1,72,88,70,61,12,7,12,79,Low
565,52,Male,Business,Full-time,Bachelors,28,14,11,1,12,154,8,72,21,51,93,79,99,8,10,14,68,Medium
566,49,Female,Engineering,Full-time,Masters,14,0,28,4,4,190,18,76,0,52,66,77,96,2,6,13,62,Medium
567,57,Male,IT,Part-time,PhD,21,10,14,13,0,61,14,81,13,72,76,96,82,0,1,6,81,High
568,62,Male,Science,Part-time,Masters,18,6,28,10,17,151,18,64,24,75,72,65,97,14,3,4,81,High
569,30,Female,Business,Full-time,Masters,6,3,20,10,13,131,1,52,3,96,80,79,42,10,13,4,94,Low
570,56,Female,IT,Part-time,Masters,4,5,14,2,4,38,9,93,3,56,90,91,61,9,12,6,42,Low
571,45,Female,IT,Part-time,Bachelors,10,7,13,14,5,145,18,62,8,85,68,88,97,14,12,5,65,High
572,40,Female,Engineering,Full-time,Masters,18,12,15,13,15,113,16,75,2,93,72,63,87,0,12,11,53,High
573,45,Female,Engineering,Full-time,Bachelors,12,5,14,8,11,10,19,72,4,82,76,66,60,11,4,7,58,Medium
574,35,Male,IT,Part-time,Bachelors,16,13,3,5,19,38,1,60,0,98,67,79,55,10,11,8,60,Medium
575,61,Female,IT,Full-time,Masters,25,1,26,0,17,173,18,73,21,85,68,93,48,5,5,1,99,High
576,60,Male,Science,Full-time,Masters,7,0,22,2,1,188,16,95,18,53,68,95,52,4,13,11,60,Medium
577,59,Male,IT,Part-time,Masters,6,7,28,11,12,174,17,75,0,72,99,66,49,9,7,1,48,Low
578,43,Male,Science,Full-time,Masters,28,7,8,3,16,78,16,56,9,74,89,92,88,6,7,14,52,Low
579,44,Female,IT,Part-time,Bachelors,5,8,6,8,16,62,1,49,21,90,66,74,96,6,6,0,80,High
580,42,Female,Engineering,Part-time,Masters,3,5,3,10,15,133,18,62,11,75,76,91,60,2,16,6,97,Low
581,38,Male,Science,Part-time,Masters,12,11,4,5,17,189,0,83,9,77,98,81,88,6,10,10,92,High
582,39,Female,Business,Part-time,Bachelors,15,0,4,3,7,97,10,98,1,77,97,99,81,8,9,14,83,High
583,55,Female,Engineering,Part-time,PhD,10,13,10,0,2,92,9,41,15,70,64,88,79,7,12,13,85,Low
584,25,Female,Science,Full-time,PhD,26,8,27,7,16,21,4,74,7,59,76,84,46,2,9,3,76,Low
585,27,Female,Science,Full-time,Bachelors,20,11,15,13,17,61,15,53,13,76,99,64,85,9,13,14,77,High
586,40,Male,Business,Full-time,PhD,19,12,29,10,5,138,4,96,14,64,60,73,61,4,8,8,84,High
587,47,Male,Science,Full-time,Bachelors,16,14,3,1,7,144,11,86,15,66,75,94,57,12,6,5,84,Medium
588,35,Female,IT,Part-time,Masters,28,13,1,10,12,154,3,84,10,88,76,61,60,12,6,11,63,Medium
589,36,Male,Business,Part-time,Masters,11,2,2,14,7,136,5,80,11,84,89,84,90,13,17,6,77,Medium
590,34,Female,Engineering,Full-time,PhD,8,10,20,10,18,180,18,41,1,54,90,75,89,7,15,12,85,Low
591,56,Female,Engineering,Part-time,Masters,3,5,5,7,5,80,8,58,3,65,94,75,53,1,7,6,50,Low
592,40,Male,IT,Full-time,PhD,23,9,17,5,14,26,11,55,2,72,67,70,49,13,15,7,68,Low
593,32,Male,Engineering,Full-time,PhD,7,12,4,7,9,196,14,82,8,88,89,94,72,13,18,3,84,Medium
594,62,Male,Science,Full-time,Masters,23,9,8,5,16,12,15,83,17,97,98,82,48,6,14,2,83,High
595,36,Female,Science,Part-time,Masters,29,14,19,4,0,38,12,64,18,58,80,64,57,10,14,2,87,Low
596,48,Male,IT,Part-time,PhD,7,10,27,4,6,31,6,40,6,82,74,94,52,9,5,9,77,Low
597,52,Female,Engineering,Part-time,Masters,14,11,25,13,12,175,19,41,3,84,93,88,98,9,8,7,80,Low
598,32,Male,Engineering,Part-time,Bachelors,2,13,17,13,2,63,3,87,5,89,86,64,56,6,14,11,56,High
599,52,Male,IT,Full-time,Masters,10,14,18,9,18,116,10,66,18,99,61,62,62,10,6,14,91,High
600,60,Female,Business,Part-time,Masters,19,8,2,9,14,187,7,41,0,73,69,65,64,11,7,12,87,High
601,50,Female,Engineering,Part-time,Bachelors,26,10,8,10,4,78,5,97,15,73,64,82,93,13,17,14,65,High
602,32,Female,Business,Part-time,Masters,9,12,35,7,10,167,9,69,10,99,86,61,55,12,15,2,65,Medium
603,52,Female,Engineering,Full-time,Masters,16,2,30,6,17,160,6,90,21,73,63,77,63,7,14,7,51,Medium
604,52,Female,Engineering,Full-time,PhD,19,4,16,7,2,129,6,49,3,68,72,89,70,0,2,1,57,Low
605,61,Female,Engineering,Part-time,Masters,18,12,22,11,5,56,3,58,17,88,76,97,50,7,0,14,48,High
606,60,Female,Engineering,Part-time,Masters,9,13,33,7,2,158,2,81,22,74,80,64,62,13,12,4,42,Medium
607,51,Female,Science,Part-time,Bachelors,16,4,4,6,4,29,6,55,4,80,82,70,80,0,11,4,49,Low
608,41,Male,Business,Part-time,PhD,13,9,14,1,8,160,3,52,21,87,92,60,78,2,8,6,82,Medium
609,33,Female,Business,Full-time,PhD,10,6,2,10,18,158,12,87,5,74,74,69,61,8,1,4,41,High
610,57,Female,Engineering,Part-time,PhD,25,3,18,14,12,30,19,89,24,76,73,85,72,3,8,8,47,High
611,44,Male,Engineering,Part-time,Masters,20,10,27,8,5,10,16,95,1,81,68,92,80,9,7,2,91,High
612,37,Female,Business,Part-time,PhD,14,3,2,12,10,152,6,47,11,60,96,86,81,12,4,8,82,High
613,52,Male,Science,Full-time,Bachelors,12,6,37,6,13,26,16,95,21,54,89,71,87,8,12,0,57,Medium
614,53,Male,IT,Full-time,PhD,25,8,3,11,5,60,3,89,8,93,88,61,92,0,1,2,91,High
615,37,Female,IT,Part-time,Bachelors,19,14,23,10,5,23,10,70,19,82,82,60,57,7,9,3,78,Medium
616,59,Male,Business,Part-time,PhD,7,10,30,14,16,68,2,84,11,68,93,60,53,2,5,5,70,Low
617,30,Female,Engineering,Part-time,PhD,23,3,10,5,10,92,10,64,12,92,66,92,67,10,6,9,53,Low
618,42,Male,Engineering,Part-time,Bachelors,15,3,36,8,14,59,2,98,21,96,68,81,50,6,2,7,78,High
619,29,Male,Science,Part-time,PhD,16,5,0,12,8,133,11,78,22,65,63,71,63,1,13,6,72,Medium
620,49,Male,IT,Full-time,PhD,27,5,8,0,16,43,0,99,16,84,61,98,75,12,15,7,68,High
621,26,Female,Science,Full-time,PhD,8,6,16,10,6,15,3,60,4,60,86,95,58,6,5,5,83,Low
622,34,Female,IT,Full-time,Masters,10,14,0,1,6,118,13,94,19,60,92,80,52,6,7,5,99,Low
623,54,Male,Business,Part-time,Bachelors,4,0,2,12,0,58,0,95,12,59,91,79,72,8,0,13,72,Medium
624,29,Male,IT,Full-time,PhD,19,12,25,0,7,15,13,96,12,83,96,95,92,1,19,5,74,High
625,57,Female,Science,Full-time,Bachelors,19,10,30,9,4,126,12,89,9,54,86,85,58,7,14,2,41,Medium
626,25,Female,Science,Full-time,Bachelors,28,13,25,11,18,127,12,77,14,72,87,90,86,4,16,13,74,High
627,42,Male,Science,Part-time,Bachelors,21,2,22,2,7,16,14,80,14,74,62,60,91,9,17,9,71,High
628,56,Male,Business,Part-time,PhD,27,8,29,10,16,106,16,68,17,78,95,97,71,8,2,14,75,High
629,35,Female,IT,Full-time,PhD,15,5,9,4,18,188,11,45,17,89,67,73,54,7,5,3,85,Low
630,45,Female,IT,Part-time,Bachelors,14,5,7,0,11,127,13,57,1,62,96,85,96,2,16,10,94,Medium
631,50,Female,Science,Full-time,Masters,1,4,24,3,14,138,11,88,22,96,97,66,50,2,12,5,89,Medium
632,49,Female,IT,Full-time,Bachelors,16,10,21,13,3,150,17,83,10,81,81,71,62,10,16,12,62,Low
633,46,Female,Engineering,Full-time,Masters,10,2,14,12,11,180,3,74,12,83,73,83,98,11,15,6,44,Medium
634,51,Male,Engineering,Full-time,Bachelors,19,10,9,7,12,36,13,66,10,61,74,78,44,9,16,2,86,Low
635,37,Female,Engineering,Part-time,Bachelors,22,4,19,5,13,125,18,44,3,73,63,68,95,7,0,3,55,Medium
636,57,Male,IT,Part-time,Bachelors,3,13,22,12,4,140,12,46,14,89,77,94,61,8,15,5,79,Low
637,58,Female,Business,Part-time,PhD,5,0,0,0,15,67,17,49,21,70,60,63,81,1,5,0,63,Low
638,59,Male,Business,Part-time,Masters,9,2,1,11,6,98,10,49,22,78,71,91,57,2,7,10,92,Low
639,25,Female,Business,Full-time,Masters,18,3,18,0,14,106,5,90,24,72,76,65,46,13,0,14,97,Medium
640,45,Female,Business,Part-time,Bachelors,11,4,13,2,12,26,8,96,10,82,78,87,72,13,1,6,79,High
641,30,Male,Engineering,Full-time,PhD,16,9,7,13,15,182,11,97,17,57,95,87,42,7,14,12,67,Low
642,52,Male,Engineering,Part-time,PhD,2,8,37,9,11,110,18,67,15,91,66,99,67,1,4,14,64,High
643,41,Female,Science,Part-time,Masters,12,3,11,14,6,195,13,75,9,62,68,88,40,7,19,10,46,Low
644,29,Female,IT,Part-time,PhD,22,2,25,7,15,193,14,49,11,54,67,64,88,4,14,0,77,Low
645,55,Female,IT,Full-time,Masters,6,9,26,10,12,191,10,89,12,90,84,64,86,5,9,10,46,Medium
646,29,Female,Business,Full-time,Masters,11,0,28,10,2,38,5,74,8,59,66,96,76,13,4,12,94,Low
647,62,Female,Engineering,Full-time,Masters,27,12,14,13,14,111,13,92,20,63,67,87,61,9,2,11,90,Medium
648,27,Male,Business,Full-time,PhD,8,9,0,7,2,132,2,74,12,73,83,68,87,14,5,12,61,Medium
649,47,Male,Science,Part-time,Masters,12,5,27,12,6,63,18,76,5,60,76,88,83,11,14,11,61,Low
650,61,Female,IT,Full-time,Masters,29,6,2,2,17,36,19,87,5,95,71,73,58,3,17,12,66,High
651,61,Male,IT,Full-time,Bachelors,27,9,17,6,13,111,10,59,10,52,90,97,53,2,13,9,96,Low
652,34,Male,Business,Part-time,Masters,2,14,33,11,17,126,16,52,18,78,71,99,42,7,9,10,72,Low
653,34,Male,Science,Part-time,Masters,9,7,31,2,18,113,16,50,10,97,61,93,58,8,3,14,84,High
654,43,Female,IT,Full-time,Bachelors,15,11,28,3,13,54,2,97,9,79,71,96,72,14,10,10,71,Medium
655,41,Male,Science,Part-time,Bachelors,2,0,24,8,19,123,13,84,22,98,86,73,60,12,19,8,78,High
656,45,Female,Science,Full-time,PhD,29,11,25,12,5,96,6,58,14,86,66,77,40,14,6,9,71,Low
657,38,Male,Business,Part-time,Masters,1,3,38,3,7,40,18,67,12,56,72,92,65,7,14,8,40,Low
658,33,Female,Engineering,Full-time,PhD,10,10,7,2,6,173,2,77,22,66,95,93,49,8,8,10,49,Low
659,25,Male,Business,Full-time,PhD,2,4,18,4,19,198,1,95,7,69,60,87,74,0,14,8,84,High
660,37,Female,Engineering,Full-time,Bachelors,12,1,21,6,17,46,16,84,4,60,94,95,52,4,11,3,43,Low
661,28,Female,Science,Full-time,PhD,23,0,28,4,17,45,8,99,1,93,89,96,45,11,17,1,68,High
662,25,Male,Engineering,Full-time,Masters,8,7,32,3,14,128,5,43,15,74,90,82,82,6,5,6,46,Low
663,64,Female,Science,Part-time,Bachelors,5,5,37,7,19,14,8,96,12,73,76,76,45,7,17,12,77,Low
664,56,Female,IT,Full-time,Masters,22,4,34,3,18,183,4,93,18,51,67,70,74,13,17,3,45,Low
665,58,Female,IT,Full-time,Masters,28,12,2,1,1,61,1,76,8,76,62,91,55,10,5,13,92,Low
666,52,Female,IT,Full-time,Bachelors,1,8,18,9,7,58,14,58,14,68,69,96,80,1,14,4,50,Low
667,55,Female,Business,Full-time,Masters,15,12,9,12,10,15,8,76,5,78,93,74,47,11,18,0,94,Low
668,32,Female,Business,Full-time,Bachelors,6,10,26,13,17,132,18,92,7,86,81,63,98,10,4,10,48,High
669,63,Female,Science,Part-time,Masters,12,12,14,5,12,147,9,53,23,60,63,98,42,13,3,11,69,Low
670,50,Female,IT,Part-time,Bachelors,8,10,10,1,8,127,3,70,13,68,91,89,44,3,16,9,61,Low
671,58,Male,Business,Full-time,PhD,13,1,25,2,8,32,9,67,4,77,88,69,60,6,9,12,97,High
672,27,Male,IT,Part-time,Masters,19,9,23,0,16,154,7,99,16,88,70,82,70,4,11,5,78,High
673,36,Female,Business,Full-time,Bachelors,27,11,12,4,6,119,12,75,21,70,72,83,53,0,4,11,48,Medium
674,25,Female,Engineering,Part-time,Masters,1,7,31,8,8,53,6,83,6,75,63,95,76,12,6,14,94,Medium
675,29,Male,Engineering,Part-time,Masters,11,10,36,1,0,50,6,77,8,71,61,64,58,13,11,6,77,Medium
676,54,Male,IT,Full-time,Masters,20,13,3,11,1,152,3,58,15,55,93,96,76,1,1,2,90,Low
677,54,Male,Science,Part-time,Bachelors,1,9,12,6,3,181,14,81,17,60,81,78,92,4,19,9,85,Medium
678,41,Female,Business,Part-time,PhD,8,12,8,4,13,195,11,40,12,63,64,96,59,5,16,1,72,Low
679,47,Male,Business,Full-time,PhD,5,8,33,1,3,59,15,62,17,85,68,67,91,0,12,12,65,Medium
680,39,Female,Engineering,Full-time,PhD,17,0,36,7,1,61,5,94,9,89,79,66,41,11,4,11,55,High
681,61,Female,Engineering,Part-time,Bachelors,8,6,6,10,7,79,8,67,0,90,80,99,96,2,4,11,48,Medium
682,45,Male,Science,Part-time,PhD,25,7,0,14,17,195,2,87,20,51,76,72,46,5,19,9,62,Low
683,38,Female,Science,Part-time,Bachelors,10,2,11,12,18,160,7,43,17,92,71,96,72,5,11,6,54,Low
684,26,Female,Science,Full-time,Masters,2,13,20,12,13,181,6,80,18,69,87,86,92,6,11,0,58,Medium
685,35,Female,IT,Part-time,Masters,9,3,10,5,19,118,3,99,1,71,77,77,89,9,6,1,81,High
686,63,Female,Engineering,Part-time,PhD,24,12,13,3,9,127,12,57,3,88,62,83,81,11,5,2,55,High
687,62,Male,IT,Part-time,Bachelors,23,2,33,12,16,118,18,88,10,53,64,61,45,13,9,3,64,Low
688,58,Male,Engineering,Full-time,Masters,3,6,33,3,7,104,6,86,2,78,73,75,46,13,18,14,74,Medium
689,62,Female,Engineering,Full-time,Bachelors,18,8,24,1,13,53,9,90,8,95,85,73,83,2,15,4,90,High
690,58,Female,Business,Full-time,Bachelors,7,2,3,2,7,189,11,78,9,73,78,76,57,0,1,3,52,Medium
691,42,Male,Engineering,Full-time,Masters,15,12,25,14,4,76,2,64,1,50,76,65,82,12,3,14,85,High
692,54,Female,Engineering,Part-time,Bachelors,21,5,15,6,15,165,11,57,6,73,98,94,93,6,8,9,46,High
693,39,Male,IT,Full-time,Masters,22,7,9,2,7,76,18,45,14,79,63,76,68,11,4,2,73,Low
694,51,Female,Engineering,Part-time,Masters,20,5,1,12,9,27,14,58,18,61,94,97,58,10,0,0,97,Low
695,58,Female,IT,Part-time,Masters,18,1,34,4,7,164,7,92,9,68,83,99,64,2,10,14,53,Medium
696,62,Male,Science,Part-time,Bachelors,25,12,18,9,8,188,11,51,23,86,72,65,43,4,18,6,62,Low
697,57,Male,Engineering,Part-time,Masters,3,6,5,5,17,69,19,64,19,89,92,97,90,3,2,11,62,High
698,48,Male,Engineering,Full-time,Bachelors,28,1,18,5,2,83,5,74,13,92,74,80,52,11,0,9,56,Low
699,39,Male,IT,Full-time,Masters,23,1,7,13,16,58,9,40,3,53,74,94,71,14,3,5,52,Low
700,54,Female,Science,Full-time,Masters,14,1,13,3,19,24,1,44,24,64,90,82,66,0,8,1,97,Low
701,41,Male,Business,Full-time,PhD,24,10,9,5,14,82,12,40,10,69,87,71,90,11,15,1,66,Low
702,29,Female,Science,Full-time,PhD,2,14,2,2,16,152,6,47,2,93,69,88,73,6,6,2,41,Low
703,53,Male,IT,Part-time,PhD,14,0,37,6,7,188,7,78,22,69,66,86,67,13,4,7,76,Low
704,28,Male,Science,Full-time,Bachelors,22,13,28,6,1,57,15,86,16,70,92,65,48,12,12,7,69,High
705,34,Female,IT,Full-time,Bachelors,11,10,14,3,16,81,10,82,6,59,66,80,47,3,10,9,43,Low
706,41,Male,IT,Full-time,Masters,16,0,22,1,17,122,3,57,10,79,64,66,60,0,13,14,69,Medium
707,34,Male,Business,Full-time,Masters,8,13,22,10,4,138,16,85,17,73,85,75,85,10,16,9,42,High
708,41,Male,Engineering,Part-time,Masters,7,6,17,6,8,144,15,98,13,97,75,64,69,5,11,9,97,High
709,44,Male,IT,Part-time,Masters,11,14,18,2,8,62,18,48,13,89,67,74,68,3,18,11,53,Low
710,48,Female,IT,Part-time,Bachelors,3,12,27,14,1,168,10,44,5,89,81,80,48,12,4,9,50,Low
711,29,Female,Business,Part-time,Masters,17,13,25,0,1,27,6,94,8,87,93,63,52,3,7,10,79,High
712,58,Male,IT,Part-time,Masters,14,13,9,1,18,21,12,43,21,52,99,64,57,14,1,13,62,Low
713,30,Male,Engineering,Full-time,PhD,6,14,3,9,2,57,18,83,2,78,87,66,77,1,16,11,80,Medium
714,26,Male,Business,Part-time,Masters,8,13,1,8,16,39,16,68,16,57,95,94,94,0,1,7,87,Medium
715,37,Female,Engineering,Part-time,Masters,22,11,2,11,13,106,12,40,11,78,66,95,61,2,2,6,71,Medium
716,35,Female,Engineering,Part-time,Masters,5,4,6,14,13,16,11,69,3,59,99,74,70,9,19,13,42,Low
717,47,Female,Business,Full-time,Bachelors,27,10,15,7,13,101,6,95,19,54,87,87,74,4,17,1,81,Medium
718,40,Female,IT,Full-time,PhD,28,2,30,14,5,122,0,84,15,60,61,61,81,11,14,0,40,Medium
719,55,Male,Engineering,Part-time,Masters,8,0,9,14,2,12,0,40,23,53,68,64,81,8,4,5,48,Low
720,35,Male,Engineering,Full-time,Masters,2,10,18,13,0,116,19,42,9,98,65,66,49,13,16,10,87,Low
721,40,Male,Engineering,Full-time,PhD,15,9,27,5,15,72,13,61,6,84,60,81,48,14,13,7,48,Low
722,32,Female,Engineering,Part-time,Masters,12,5,16,13,3,143,14,47,9,99,62,90,70,6,0,0,99,High
723,28,Male,Business,Full-time,Bachelors,17,10,27,5,0,111,10,95,6,89,69,91,83,3,13,2,51,High
724,64,Female,Business,Full-time,Masters,1,0,18,13,16,24,8,57,22,61,96,67,95,7,8,14,40,Low
725,28,Female,Science,Full-time,Bachelors,15,8,36,0,17,180,16,64,17,70,82,70,79,11,4,0,55,Low
726,49,Male,Science,Part-time,Bachelors,14,1,22,1,7,100,3,87,8,65,92,60,63,3,3,9,69,Medium
727,27,Male,Engineering,Part-time,Masters,20,0,19,3,1,90,19,91,21,63,68,99,80,5,0,8,47,Low
728,56,Male,IT,Part-time,PhD,22,14,12,2,17,155,18,59,17,70,72,78,88,11,2,6,85,Medium
729,27,Female,Engineering,Full-time,Bachelors,16,11,12,13,15,159,6,70,16,97,87,97,47,0,19,13,85,Medium
730,51,Female,IT,Part-time,PhD,29,6,10,0,9,70,0,69,10,76,66,96,89,13,10,7,49,Medium
731,53,Male,Engineering,Full-time,Masters,9,5,14,7,7,129,8,55,0,85,85,66,59,5,15,8,72,Medium
732,56,Male,Science,Full-time,Bachelors,1,5,16,6,11,70,12,41,16,50,75,98,56,9,10,2,77,Low
733,43,Female,Science,Full-time,Masters,28,13,27,3,15,62,1,56,3,50,99,84,67,4,9,9,80,Low
734,45,Male,IT,Part-time,PhD,17,4,18,11,11,35,1,49,3,71,85,81,45,13,11,10,90,Medium
735,29,Female,Engineering,Part-time,Masters,29,10,3,11,10,124,14,46,13,64,98,86,81,1,4,1,61,Low
736,42,Female,IT,Part-time,Masters,13,3,21,8,19,49,16,98,8,69,91,97,72,0,9,5,55,Medium
737,52,Male,Science,Part-time,Bachelors,21,10,21,10,18,97,12,81,12,52,95,98,67,12,12,4,58,Medium
738,46,Male,Engineering,Full-time,Masters,26,3,36,13,0,125,6,90,15,63,60,74,92,5,18,3,50,High
739,45,Male,Engineering,Part-time,Masters,21,2,38,3,2,145,8,91,0,58,80,61,96,10,6,5,92,High
740,30,Male,IT,Full-time,Masters,5,9,33,0,11,30,11,98,2,68,72,67,40,1,15,14,50,Low
741,25,Female,Business,Part-time,Bachelors,10,7,32,14,8,52,2,48,18,89,85,65,80,8,5,5,53,Medium
742,29,Female,IT,Part-time,PhD,6,6,39,9,4,30,14,93,7,83,68,79,91,8,9,11,78,High
743,36,Female,Science,Part-time,PhD,24,8,32,14,0,140,6,56,17,53,96,86,74,0,9,2,98,Low
744,50,Male,Science,Full-time,Masters,19,0,11,0,9,40,0,48,5,82,82,82,63,14,10,13,65,Low
745,58,Female,Science,Full-time,Bachelors,25,6,1,0,16,164,13,48,19,92,60,99,45,4,9,1,83,Low
746,38,Male,Science,Full-time,Masters,13,9,27,0,3,36,18,76,5,86,61,76,46,7,13,8,59,Medium
747,50,Male,Science,Full-time,PhD,1,3,9,3,14,82,15,63,4,51,87,72,48,3,14,7,59,Medium
748,51,Male,Business,Full-time,Bachelors,20,6,21,0,18,194,9,78,11,76,95,63,76,2,6,13,94,High
749,33,Male,Engineering,Part-time,PhD,25,12,16,1,7,106,0,50,8,94,90,79,55,4,12,3,44,Low
750,50,Male,IT,Full-time,PhD,15,11,25,3,14,170,4,47,8,66,64,84,73,4,10,5,40,Low
751,46,Male,IT,Full-time,Bachelors,14,0,2,6,6,99,2,64,16,98,96,81,74,7,6,2,50,Medium
752,54,Female,Science,Full-time,Bachelors,8,4,6,1,14,53,16,85,18,99,84,76,74,5,10,10,86,High
753,41,Male,IT,Full-time,Masters,10,2,7,7,7,52,17,41,16,80,67,99,59,14,13,7,49,Low
754,50,Female,Science,Part-time,Masters,9,4,19,12,9,40,18,49,21,90,93,70,97,1,16,2,86,High
755,60,Female,Business,Full-time,PhD,17,3,11,6,17,126,17,92,15,55,98,84,62,10,15,1,67,Low
756,25,Male,Business,Part-time,Bachelors,9,1,34,8,3,85,15,63,11,80,91,64,99,0,0,14,84,High
757,32,Male,Engineering,Part-time,Bachelors,3,10,16,13,14,154,1,87,2,52,70,80,81,12,8,6,86,Medium
758,59,Male,Business,Part-time,Masters,11,3,27,5,10,152,14,55,13,89,84,85,93,2,8,13,73,High
759,39,Female,Business,Full-time,PhD,12,2,9,3,2,43,12,58,16,52,62,75,74,1,9,2,93,Medium
760,46,Male,Engineering,Part-time,PhD,10,12,21,5,14,89,12,98,21,82,91,99,86,3,18,12,52,High
761,38,Female,IT,Full-time,Masters,25,0,37,14,2,13,15,70,15,62,94,80,85,2,14,8,83,Medium
762,50,Male,Science,Full-time,Bachelors,17,11,32,3,14,81,7,50,20,70,91,91,62,14,15,14,64,Low
763,52,Male,Science,Full-time,Masters,17,9,21,6,5,107,10,45,11,86,93,63,43,14,10,2,62,Low
764,47,Female,IT,Full-time,Masters,25,7,36,8,0,119,7,45,23,65,96,97,49,8,16,14,75,Low
765,38,Female,Engineering,Full-time,Masters,11,14,12,2,13,37,9,71,1,70,64,67,82,14,18,7,99,High
766,48,Male,IT,Part-time,Masters,22,4,26,2,15,139,0,78,7,97,87,68,50,4,12,1,51,High
767,26,Female,Business,Part-time,Bachelors,4,3,14,1,0,26,11,87,11,93,87,76,79,3,5,8,86,High
768,50,Female,Engineering,Full-time,Masters,7,9,21,0,16,67,8,52,20,62,67,72,94,9,14,0,84,Medium
769,38,Female,Engineering,Part-time,Bachelors,21,11,29,13,7,136,4,98,15,53,86,68,94,8,15,11,41,Medium
770,31,Female,Engineering,Full-time,Masters,26,4,39,0,17,18,8,42,7,80,75,65,48,3,3,2,59,Low
771,27,Female,Science,Part-time,PhD,14,3,36,12,15,40,15,95,15,58,77,86,79,5,7,10,55,Medium
772,47,Male,IT,Part-time,Bachelors,7,2,33,2,5,97,17,95,9,97,84,96,51,13,6,13,53,Medium
773,42,Male,Engineering,Part-time,PhD,24,4,33,13,9,71,7,80,19,82,60,98,56,9,16,1,92,High
774,62,Female,Engineering,Part-time,Masters,8,3,34,6,9,28,10,95,14,86,67,83,71,0,15,12,41,High
775,59,Male,Engineering,Part-time,Masters,1,14,18,14,4,90,19,74,3,86,80,68,62,14,1,13,88,High
776,39,Male,IT,Full-time,Masters,24,0,7,10,11,116,18,77,14,73,93,70,54,12,16,12,55,Low
777,49,Female,Science,Full-time,Bachelors,22,11,38,8,19,64,3,96,3,74,83,94,90,1,3,11,43,High
778,61,Male,Business,Part-time,PhD,4,2,32,13,16,165,19,56,10,90,96,88,67,14,13,14,82,Medium
779,52,Female,Science,Full-time,Bachelors,29,9,27,1,13,121,9,42,5,78,85,67,91,3,7,6,52,Medium
780,34,Female,Engineering,Part-time,Bachelors,12,14,36,6,13,132,12,73,3,89,73,76,77,8,4,4,77,High
781,63,Male,Science,Full-time,Masters,24,9,24,0,2,187,19,51,8,99,88,66,44,5,4,14,88,High
782,41,Female,Science,Part-time,PhD,3,7,35,1,11,74,13,63,8,96,89,71,79,5,4,7,40,High
783,63,Female,Business,Part-time,Masters,13,6,16,5,19,133,1,45,2,85,62,74,57,10,4,1,48,Low
784,46,Female,IT,Part-time,Bachelors,20,1,23,10,17,12,3,81,22,64,66,88,92,8,2,7,60,High
785,50,Female,IT,Full-time,Masters,6,0,20,4,11,189,6,50,4,94,95,83,60,11,5,6,57,High
786,49,Female,Science,Full-time,PhD,11,2,1,7,1,147,18,87,14,67,70,96,54,3,0,11,82,Medium
787,41,Male,Science,Part-time,Masters,23,4,30,11,1,30,16,66,8,69,91,73,42,2,7,10,71,Low
788,37,Male,IT,Part-time,PhD,4,9,32,10,16,46,15,87,1,54,71,70,85,6,12,4,85,High
789,44,Female,IT,Full-time,PhD,20,14,29,1,9,24,12,63,2,67,74,94,65,11,19,1,73,High
790,49,Female,Business,Full-time,Masters,16,10,11,0,17,96,17,57,20,89,97,76,54,14,5,9,59,High
791,28,Male,Engineering,Full-time,Bachelors,7,11,11,6,18,129,11,66,11,50,83,86,84,6,17,10,82,Low
792,34,Female,Science,Full-time,Masters,22,0,23,5,0,146,0,93,15,68,60,62,92,8,17,6,41,Medium
793,27,Male,IT,Full-time,Bachelors,29,2,23,7,3,53,14,94,4,72,77,61,59,14,15,9,43,Low
794,42,Female,Science,Part-time,Bachelors,11,2,10,10,3,48,2,95,9,75,66,63,98,5,7,3,98,High
795,60,Female,Science,Full-time,Masters,24,4,12,14,1,142,5,80,14,98,61,77,60,1,16,3,84,Medium
796,46,Female,IT,Part-time,Bachelors,1,2,26,14,18,34,13,60,13,78,99,79,65,5,7,7,77,Medium
797,58,Female,Business,Part-time,Bachelors,26,12,7,12,11,65,5,98,13,83,90,80,80,14,14,5,46,High
798,32,Female,Science,Full-time,Masters,29,8,9,13,9,130,0,90,22,68,92,73,62,7,9,8,61,Medium
799,64,Female,Business,Full-time,Masters,27,0,7,7,12,99,19,73,12,97,89,67,88,5,0,10,59,Medium
800,43,Female,IT,Part-time,Masters,7,3,19,1,19,73,5,95,15,67,90,61,90,8,8,14,97,Medium
801,61,Male,Engineering,Full-time,Bachelors,12,12,7,13,14,189,7,72,7,51,93,85,64,14,16,1,74,Low
802,30,Male,Engineering,Part-time,PhD,7,12,8,7,2,98,14,97,7,76,66,78,43,3,19,4,43,Low
803,50,Male,Science,Full-time,Bachelors,27,9,6,5,19,121,13,87,16,55,84,87,91,2,0,5,99,High
804,58,Female,IT,Full-time,PhD,23,9,13,8,12,85,15,93,16,88,75,88,49,10,8,7,92,High
805,30,Female,Business,Full-time,Masters,7,3,27,11,7,146,19,57,2,55,81,64,61,4,13,3,59,Medium
806,61,Female,Science,Part-time,PhD,10,0,1,6,6,147,15,42,0,55,95,87,42,2,4,10,74,Low
807,57,Female,IT,Full-time,Masters,16,13,7,1,7,19,18,63,16,80,86,85,58,10,5,6,72,Medium
808,46,Female,IT,Part-time,Masters,26,1,12,7,17,71,0,40,23,90,76,64,70,11,4,10,90,Medium
809,45,Female,Business,Full-time,PhD,8,10,20,8,8,99,3,45,15,89,63,74,48,1,3,6,98,Low
810,30,Female,Science,Part-time,Masters,9,0,27,6,5,69,9,58,16,79,94,68,68,1,15,3,60,Medium
811,30,Male,IT,Full-time,PhD,9,5,34,3,3,156,19,61,24,70,81,91,76,3,15,0,84,Medium
812,28,Female,IT,Part-time,Masters,2,2,22,8,14,116,17,90,1,90,94,85,85,2,9,2,53,High
813,54,Male,IT,Part-time,Bachelors,13,6,14,3,4,47,1,82,24,93,74,96,46,8,13,1,70,Medium
814,35,Male,Business,Part-time,Bachelors,13,4,1,11,4,143,3,98,13,67,99,74,92,13,12,12,61,Medium
815,54,Female,Science,Part-time,Masters,23,8,11,3,6,152,14,47,6,72,80,63,77,6,3,12,99,High
816,55,Female,Science,Part-time,Masters,23,6,35,8,8,56,3,44,24,87,72,95,63,5,13,11,87,High
817,48,Male,Science,Part-time,PhD,4,3,2,13,6,182,15,91,18,72,70,79,47,9,8,2,69,Medium
818,33,Male,Science,Full-time,Bachelors,25,4,4,7,8,142,14,48,0,77,86,86,73,11,2,4,68,Medium
819,27,Female,Engineering,Part-time,PhD,24,4,2,3,19,87,17,86,16,85,90,80,98,7,9,10,75,High
820,55,Female,Engineering,Part-time,Masters,12,10,18,13,9,62,6,60,9,74,91,81,96,8,14,11,88,Medium
821,64,Male,Science,Part-time,Masters,17,14,1,7,3,71,14,67,5,56,89,66,65,2,18,0,81,Low
822,61,Female,Business,Full-time,PhD,2,4,36,14,5,32,10,85,6,67,77,90,99,11,1,4,68,Medium
823,60,Female,Engineering,Full-time,Masters,13,9,16,7,13,53,18,43,24,69,75,76,67,9,1,1,46,Low
824,48,Female,IT,Full-time,Bachelors,29,8,13,6,8,61,7,95,5,54,94,66,67,6,8,13,71,Medium
825,55,Male,Engineering,Part-time,PhD,18,9,27,9,0,55,0,63,4,67,68,78,85,8,3,3,52,Low
826,30,Male,IT,Full-time,Bachelors,28,2,26,12,16,156,2,47,1,91,98,87,93,0,4,5,96,Medium
827,26,Male,Science,Full-time,Bachelors,28,5,9,5,12,93,4,91,17,89,96,69,46,9,1,8,52,High
828,44,Female,Engineering,Part-time,Bachelors,27,7,2,7,6,56,17,56,23,82,69,86,42,8,6,9,93,Low
829,52,Female,Business,Part-time,PhD,15,10,35,6,8,100,11,73,16,64,71,72,91,13,18,5,53,High
830,35,Male,Engineering,Full-time,Masters,8,8,37,4,10,61,11,59,23,84,67,61,61,6,5,9,45,Medium
831,28,Male,Engineering,Part-time,Bachelors,15,12,24,11,2,33,18,55,22,96,62,81,94,9,15,12,55,High
832,39,Male,Engineering,Part-time,Bachelors,1,14,21,12,11,154,8,49,6,95,78,79,77,13,13,10,80,Low
833,30,Female,Science,Part-time,Bachelors,20,6,38,12,2,98,10,73,20,50,70,64,92,3,11,11,91,Medium
834,54,Male,Business,Part-time,Masters,10,11,29,3,14,183,16,82,18,70,67,65,85,12,5,1,87,High
835,62,Male,Engineering,Full-time,Masters,12,2,20,13,9,73,15,49,6,57,85,94,83,14,12,7,60,Medium
836,26,Female,Business,Part-time,PhD,5,0,29,11,0,128,3,69,22,56,82,60,57,10,14,4,92,Low
837,39,Female,Science,Full-time,Masters,9,3,27,1,13,165,9,69,6,90,69,94,51,11,13,8,83,Medium
838,35,Female,IT,Full-time,PhD,23,12,30,10,19,187,14,90,15,99,77,62,70,5,7,14,55,High
839,32,Male,Engineering,Full-time,PhD,8,5,25,7,5,73,18,64,11,93,71,95,78,10,19,9,44,High
840,50,Female,Business,Full-time,PhD,16,2,21,8,1,165,2,96,14,89,98,66,44,10,10,8,63,High
841,29,Female,Business,Part-time,PhD,14,13,20,3,7,95,4,85,14,89,85,88,83,5,8,3,82,High
842,30,Male,Science,Part-time,PhD,27,0,0,3,0,65,10,82,10,79,70,74,80,5,11,12,40,Medium
843,50,Female,Engineering,Part-time,Bachelors,25,5,36,4,3,68,4,80,1,87,69,70,68,14,5,0,49,Medium
844,28,Male,IT,Full-time,Masters,13,13,12,1,3,142,6,46,2,84,62,77,82,1,18,10,82,Medium
845,43,Male,Business,Full-time,Bachelors,23,0,20,6,4,191,5,86,18,51,66,63,75,4,2,13,86,Medium
846,44,Female,Engineering,Full-time,PhD,21,8,8,14,19,181,12,59,19,95,63,83,53,6,0,8,97,High
847,57,Female,IT,Part-time,Masters,13,10,16,4,8,179,1,56,24,57,99,70,97,5,14,8,98,Low
848,44,Female,Business,Full-time,Bachelors,5,13,20,5,12,134,18,42,14,87,67,65,83,2,14,7,74,High
849,36,Female,Business,Part-time,Bachelors,16,11,30,3,17,194,10,86,15,53,97,77,57,10,4,4,70,Low
850,25,Female,IT,Part-time,PhD,26,0,38,7,16,56,19,85,0,86,72,74,46,11,10,4,95,High
851,50,Female,IT,Part-time,Bachelors,11,12,21,7,0,130,4,79,14,70,71,62,62,4,0,9,54,Low
852,38,Male,Science,Part-time,Bachelors,22,5,11,11,14,162,8,75,11,62,94,76,72,12,9,5,50,Low
853,62,Male,Engineering,Full-time,Bachelors,5,0,5,4,1,111,5,65,6,58,97,92,98,7,19,0,48,Low
854,61,Female,Engineering,Part-time,Bachelors,13,11,15,11,15,53,16,49,6,94,95,93,84,10,10,8,41,Low
855,35,Male,Science,Full-time,Bachelors,28,6,25,5,19,24,18,73,10,78,61,89,55,4,6,4,83,High
856,60,Female,Business,Part-time,PhD,11,2,4,2,4,114,7,53,19,90,74,78,76,11,16,6,91,High
857,37,Male,IT,Full-time,PhD,25,5,8,0,18,60,6,47,10,73,93,68,90,9,11,10,69,Low
858,27,Male,IT,Full-time,Bachelors,19,6,39,8,4,62,4,94,16,65,98,99,64,2,3,14,55,High
859,57,Male,IT,Part-time,PhD,3,0,13,8,1,43,14,66,2,61,85,90,48,8,11,7,95,Low
860,30,Female,Business,Part-time,PhD,15,0,29,2,6,133,9,49,15,51,64,86,94,10,2,4,87,Low
861,34,Male,IT,Part-time,Masters,7,12,25,3,2,86,15,96,4,68,84,84,67,2,17,2,92,High
862,29,Female,IT,Full-time,Bachelors,7,4,28,12,16,145,8,89,1,79,93,66,48,1,11,5,40,Low
863,47,Male,Science,Part-time,PhD,6,5,18,6,2,132,6,54,22,65,63,66,51,5,18,6,87,Low
864,34,Male,Business,Part-time,PhD,3,14,7,1,12,79,10,76,6,73,93,79,57,7,12,12,45,Medium
865,26,Male,Engineering,Full-time,Bachelors,13,14,22,11,6,30,8,61,9,62,86,95,66,5,15,13,85,Low
866,37,Male,Science,Part-time,Masters,7,8,34,2,2,117,16,84,4,54,88,78,65,0,7,3,96,Medium
867,64,Male,Science,Full-time,Bachelors,5,13,30,5,14,117,8,89,14,72,64,61,95,7,5,8,96,High
868,26,Female,Engineering,Part-time,Masters,23,0,34,10,17,144,2,70,11,87,77,93,65,0,9,13,50,Low
869,44,Female,Science,Full-time,Bachelors,18,12,31,7,9,99,7,41,9,80,63,76,49,8,9,10,72,Low
870,25,Male,Business,Full-time,Bachelors,22,3,4,14,6,88,18,84,21,66,60,83,97,7,5,3,91,High
871,61,Male,IT,Part-time,Bachelors,8,9,15,0,8,193,19,70,16,98,79,68,56,5,7,10,56,Medium
872,33,Male,Business,Full-time,Bachelors,17,7,16,3,4,186,15,53,19,98,65,60,90,14,17,9,94,High
873,41,Male,Engineering,Part-time,Masters,20,9,31,14,19,51,6,49,19,52,79,87,71,1,16,1,90,Low
874,33,Female,Engineering,Part-time,Masters,27,8,37,0,7,160,6,69,10,75,79,74,63,12,9,8,73,High
875,35,Male,Science,Full-time,PhD,1,14,31,1,13,61,19,75,7,62,86,80,82,8,1,3,85,Low
876,39,Female,Business,Part-time,Bachelors,14,12,19,7,3,111,12,86,14,93,85,74,87,7,11,3,79,High
877,48,Male,Business,Full-time,Masters,17,2,1,5,19,114,2,79,1,87,91,82,47,12,19,9,64,Medium
878,62,Female,Engineering,Full-time,Masters,10,10,19,8,13,88,11,54,16,71,69,61,69,3,9,0,94,Medium
879,59,Male,Business,Full-time,Masters,12,1,17,1,11,121,7,53,22,70,77,95,65,1,8,13,61,Low
880,54,Male,Engineering,Full-time,Bachelors,16,3,0,2,1,190,12,70,5,78,71,68,63,12,15,1,65,Medium
881,55,Female,Business,Full-time,PhD,14,1,28,8,12,113,19,68,20,94,69,61,66,13,6,11,66,Medium
882,29,Male,Business,Full-time,Masters,27,0,28,8,0,25,15,66,12,95,83,61,54,14,8,2,77,High
883,38,Male,Business,Full-time,Bachelors,16,11,18,12,19,105,6,60,7,88,83,77,67,5,5,6,48,Low
884,35,Male,Engineering,Full-time,Masters,8,2,39,5,6,46,3,48,10,54,97,76,50,0,9,11,76,Low
885,33,Female,Science,Part-time,Masters,23,6,5,13,8,155,11,59,14,63,84,67,78,6,6,8,44,Low
886,58,Male,Business,Part-time,PhD,28,12,38,14,16,157,16,74,12,67,67,93,41,0,17,11,57,Low
887,36,Male,Engineering,Full-time,Masters,10,12,7,2,12,55,0,97,17,53,73,93,90,14,10,4,61,Low
888,59,Female,Engineering,Part-time,Masters,29,0,23,4,9,11,16,54,17,82,90,64,48,12,0,3,85,Medium
889,59,Female,Business,Part-time,Bachelors,17,1,19,14,15,128,1,63,24,88,83,88,89,5,18,12,51,High
890,25,Female,Business,Part-time,Bachelors,27,0,13,1,5,96,5,88,16,69,75,87,84,4,4,1,99,High
891,64,Male,Science,Part-time,PhD,29,7,4,6,15,103,11,96,21,62,79,75,62,11,5,13,83,High
892,46,Male,Engineering,Part-time,Bachelors,18,4,39,9,10,12,10,55,12,85,97,73,72,9,6,12,61,High
893,53,Male,Engineering,Part-time,Bachelors,20,7,33,10,19,183,10,75,2,94,74,61,58,13,3,11,45,Low
894,32,Female,IT,Full-time,PhD,16,2,15,7,2,120,17,50,20,53,73,99,52,2,15,13,75,Low
895,35,Male,Engineering,Part-time,Masters,17,12,6,5,8,186,7,96,23,84,71,63,53,5,9,6,66,High
896,61,Male,Science,Part-time,PhD,16,11,15,7,14,10,6,47,6,57,93,90,71,3,14,5,86,Low
897,38,Female,IT,Part-time,Bachelors,19,6,6,1,12,114,13,42,11,89,67,85,88,13,12,11,94,Medium
898,54,Female,IT,Part-time,PhD,24,7,26,2,9,31,15,58,3,98,78,86,61,11,7,11,54,Medium
899,59,Female,IT,Full-time,Masters,24,14,13,6,19,151,11,85,23,96,64,93,59,5,12,6,96,High
900,45,Female,Business,Full-time,PhD,8,5,13,9,12,182,8,80,10,85,86,90,72,3,6,7,56,Medium
901,61,Female,Business,Full-time,Bachelors,6,12,32,11,16,143,19,42,13,55,72,70,44,14,16,8,42,Low
902,29,Male,Engineering,Full-time,Bachelors,6,12,32,0,6,74,15,75,17,71,91,67,59,0,3,9,49,Low
903,43,Female,IT,Part-time,PhD,21,6,19,6,5,30,18,64,6,55,90,71,53,4,6,4,64,Low
904,38,Male,Science,Full-time,Masters,29,13,35,5,12,13,15,99,4,91,96,94,66,7,15,10,60,High
905,50,Male,Business,Full-time,PhD,9,11,6,7,16,140,8,75,15,85,61,93,65,5,1,4,93,Medium
906,28,Female,Science,Full-time,Masters,4,1,31,6,14,122,12,50,10,58,66,72,71,9,13,3,79,Low
907,49,Female,Science,Full-time,Masters,26,7,2,3,3,39,4,90,21,65,70,86,69,8,13,10,48,Medium
908,49,Female,Business,Part-time,PhD,12,4,38,2,14,40,18,55,2,88,70,67,66,3,7,2,63,High
909,42,Male,Business,Full-time,Masters,28,6,28,2,13,171,9,94,15,95,82,80,65,9,5,12,71,High
910,64,Female,Business,Part-time,Bachelors,12,0,23,14,10,29,6,93,10,87,90,70,57,8,6,6,42,Low
911,32,Female,Business,Full-time,PhD,23,4,21,3,3,63,8,56,9,82,67,81,84,7,6,12,97,High
912,63,Female,IT,Part-time,Masters,17,0,5,14,2,135,13,81,22,67,91,80,62,2,1,12,72,Low
913,64,Female,IT,Part-time,Bachelors,15,11,23,8,1,162,14,63,22,61,80,87,83,13,3,4,82,High
914,38,Female,IT,Full-time,PhD,9,12,39,8,19,24,12,56,1,76,90,62,86,5,12,6,84,High
915,56,Male,IT,Full-time,Bachelors,7,7,22,12,9,175,9,87,15,96,60,66,63,3,9,14,51,Medium
916,62,Male,Engineering,Full-time,Bachelors,10,14,37,1,12,160,13,59,16,50,72,73,43,0,8,1,68,Medium
917,57,Male,IT,Full-time,Bachelors,16,3,9,4,19,189,11,61,9,64,70,74,80,8,14,8,60,Low
918,47,Female,Business,Part-time,Masters,12,3,15,0,17,194,18,45,17,96,88,68,42,3,11,8,78,Low
919,39,Female,Science,Part-time,PhD,25,1,10,3,15,66,5,46,11,76,63,66,93,10,9,12,73,High
920,57,Female,IT,Full-time,PhD,7,4,31,1,10,88,11,53,7,65,95,71,82,13,18,8,72,Low
921,49,Male,Engineering,Full-time,Masters,18,0,5,7,9,189,12,50,2,70,74,78,69,4,4,12,71,Low
922,41,Female,Business,Part-time,PhD,15,8,23,3,8,172,7,51,19,50,62,86,86,2,6,12,59,Low
923,57,Female,Science,Full-time,Bachelors,6,4,32,4,11,23,15,85,23,78,88,77,55,3,19,4,42,Low
924,26,Female,Science,Part-time,PhD,26,5,11,10,18,100,1,44,2,52,80,72,46,12,10,13,43,Low
925,38,Male,IT,Full-time,Masters,12,1,26,3,0,23,6,44,5,61,61,60,78,8,15,9,56,Low
926,64,Female,Science,Part-time,Bachelors,11,9,37,4,17,108,11,59,1,77,65,97,61,14,12,11,89,High
927,64,Male,IT,Part-time,Masters,20,9,17,4,13,42,6,93,2,88,90,80,80,6,3,8,56,High
928,63,Female,IT,Part-time,Bachelors,3,0,38,4,0,189,18,94,16,86,83,93,70,7,15,0,58,High
929,30,Male,Business,Part-time,Bachelors,2,3,12,10,16,10,13,97,8,80,99,72,88,2,12,1,43,Medium
930,30,Male,Business,Part-time,PhD,6,6,39,2,10,43,8,54,3,80,76,82,52,14,0,9,68,Low
931,27,Male,Engineering,Full-time,Bachelors,24,5,29,6,19,28,17,65,21,82,64,60,80,2,3,4,56,Low
932,31,Female,Business,Part-time,Masters,22,9,12,2,14,161,10,72,22,82,61,82,80,14,14,4,61,Low
933,32,Female,Business,Full-time,PhD,25,0,33,1,3,13,15,96,1,96,71,87,91,13,15,5,41,High
934,39,Male,IT,Part-time,Masters,5,0,35,2,14,173,18,69,23,89,64,91,68,6,3,13,81,Medium
935,53,Male,Business,Part-time,Bachelors,18,7,29,10,13,86,10,63,8,60,79,67,67,7,16,7,51,Low
936,57,Female,IT,Full-time,Masters,16,3,24,2,0,67,17,62,13,95,67,85,83,13,10,11,84,High
937,54,Female,IT,Full-time,Masters,8,4,1,7,8,169,10,48,10,78,60,73,92,4,4,0,50,Low
938,63,Male,Business,Full-time,Bachelors,25,12,35,3,6,146,3,42,1,74,65,83,58,0,12,9,92,Low
939,51,Female,Engineering,Full-time,PhD,26,6,17,2,10,112,17,97,20,62,70,88,62,2,11,11,79,High
940,60,Female,Engineering,Part-time,Masters,20,7,4,9,1,76,18,75,1,93,62,63,86,4,2,8,99,Medium
941,53,Female,Science,Full-time,Bachelors,22,14,18,4,1,125,12,87,4,68,90,77,89,2,3,3,68,Medium
942,62,Female,Science,Part-time,PhD,11,9,17,3,5,157,3,46,6,85,87,73,47,14,9,7,59,Medium
943,57,Male,Business,Full-time,PhD,10,6,31,8,18,129,9,61,21,77,64,86,64,13,8,11,44,Medium
944,61,Female,Engineering,Full-time,PhD,24,1,20,7,19,199,4,53,3,53,85,62,77,0,9,14,64,Low
945,51,Female,IT,Part-time,Masters,25,13,9,10,13,195,2,87,13,52,75,89,96,6,12,12,73,Low
946,57,Male,Science,Part-time,Masters,12,14,36,6,2,31,15,68,1,87,90,95,77,0,0,11,51,Medium
947,28,Male,IT,Full-time,Masters,21,3,21,14,6,121,7,89,22,86,87,82,74,9,11,4,67,High
948,46,Female,Science,Part-time,PhD,28,9,12,7,6,84,6,55,11,92,66,77,65,12,10,0,73,High
949,26,Female,Business,Part-time,Masters,6,11,16,12,3,185,18,87,9,74,97,99,42,5,7,13,45,Medium
950,34,Female,Engineering,Part-time,Bachelors,27,0,8,4,4,145,13,73,24,90,68,69,41,5,13,8,93,Medium
951,29,Female,Science,Part-time,Masters,20,9,23,3,16,152,14,49,0,84,98,71,44,13,13,7,58,Low
952,34,Male,Engineering,Part-time,Masters,5,8,13,6,3,41,16,46,18,78,94,67,59,6,19,4,51,Low
953,57,Male,IT,Part-time,PhD,23,2,7,0,12,190,0,64,22,90,86,91,51,11,16,13,64,Medium
954,62,Male,Business,Part-time,Masters,9,11,36,5,15,76,5,66,15,78,71,76,77,10,18,14,52,Low
955,37,Female,Engineering,Part-time,Bachelors,26,2,18,14,15,13,14,54,14,61,84,73,55,0,19,10,56,Low
956,55,Female,Business,Full-time,PhD,27,9,27,7,1,39,11,71,13,84,88,96,76,10,16,13,51,Medium
957,60,Female,Engineering,Part-time,Bachelors,29,8,29,6,17,22,19,67,8,69,90,68,77,2,5,3,42,Medium
958,48,Female,IT,Full-time,PhD,16,9,6,1,0,30,1,48,20,66,93,85,75,11,13,7,63,Medium
959,39,Male,IT,Part-time,PhD,22,2,25,13,17,50,4,46,22,61,92,83,85,8,17,8,47,Medium
960,53,Male,Business,Part-time,Masters,14,7,39,12,7,130,8,98,14,99,86,82,68,1,16,6,87,High
961,32,Female,IT,Part-time,Bachelors,22,1,10,13,10,28,19,95,6,85,61,90,74,13,5,3,75,High
962,29,Male,Science,Part-time,PhD,8,13,13,6,14,57,13,55,3,59,73,98,88,4,4,6,95,Low
963,53,Female,Engineering,Full-time,Masters,27,12,20,12,15,95,17,65,20,67,72,61,76,2,12,5,98,Medium
964,28,Female,IT,Full-time,PhD,20,2,7,5,16,72,7,74,17,79,83,77,93,11,15,10,65,Medium
965,36,Male,Science,Part-time,PhD,19,1,2,12,16,157,1,56,7,57,64,75,60,11,8,11,84,Low
966,26,Female,Business,Full-time,PhD,14,0,27,4,11,46,8,62,11,90,93,88,60,12,11,2,47,Low
967,51,Female,Science,Part-time,PhD,7,1,28,3,9,40,6,47,14,62,82,70,67,4,9,9,71,Low
968,55,Male,Business,Part-time,PhD,5,7,22,0,19,83,17,41,14,80,78,61,45,6,12,2,71,Low
969,60,Female,Business,Full-time,PhD,18,8,17,12,5,155,15,70,16,55,89,73,59,0,18,0,40,Low
970,60,Female,Engineering,Full-time,Masters,2,12,34,1,7,116,4,96,1,56,75,63,99,2,15,13,42,High
971,50,Male,Engineering,Part-time,PhD,11,1,12,14,12,112,14,91,11,70,99,98,75,10,16,12,40,Low
972,51,Female,Science,Part-time,Bachelors,22,6,11,6,1,119,4,97,2,87,93,93,98,12,15,4,54,High
973,29,Male,Engineering,Full-time,Masters,8,14,4,9,18,29,10,98,6,92,70,98,52,5,13,7,89,High
974,44,Female,Engineering,Part-time,Bachelors,1,4,38,2,9,148,13,96,5,98,73,68,79,6,15,11,59,High
975,35,Male,Engineering,Full-time,PhD,27,2,10,4,3,95,18,71,13,77,74,99,50,9,14,5,42,Low
976,34,Male,Science,Part-time,Bachelors,22,8,10,7,11,53,2,68,22,93,94,66,63,2,11,7,54,Medium
977,64,Male,IT,Part-time,PhD,12,14,30,12,17,91,9,42,4,70,66,76,99,3,4,6,98,High
978,62,Female,Engineering,Full-time,PhD,2,5,30,12,6,73,5,47,3,70,88,82,58,5,10,1,93,Low
979,30,Male,Engineering,Full-time,Masters,18,10,12,7,19,131,2,98,14,73,81,70,62,4,4,7,99,Medium
980,32,Male,Science,Full-time,Masters,7,0,13,5,3,171,1,41,6,76,82,81,70,10,10,3,99,Low
981,47,Male,IT,Part-time,PhD,26,4,24,4,6,96,12,70,2,76,83,77,76,8,1,10,76,Low
982,50,Male,Engineering,Part-time,Masters,17,6,32,12,9,74,17,90,12,62,94,87,76,12,18,4,60,Low
983,36,Male,Business,Part-time,Bachelors,22,3,32,1,14,64,1,88,9,99,69,75,99,11,16,10,81,High
984,50,Female,Science,Part-time,Masters,23,7,14,8,11,83,14,76,22,78,67,63,42,0,18,12,78,High
985,37,Female,Engineering,Full-time,Masters,14,9,15,0,0,126,4,59,1,88,71,95,73,14,11,7,62,Medium
986,64,Female,Engineering,Part-time,Bachelors,24,4,37,10,19,138,14,68,11,77,88,81,68,12,19,4,96,High
987,42,Female,Business,Part-time,Masters,7,8,5,1,17,175,16,56,23,86,88,70,42,4,4,4,79,Low
988,49,Female,Business,Part-time,PhD,22,8,24,12,15,146,1,49,21,78,82,80,54,10,11,5,74,Medium
989,57,Female,Science,Full-time,Bachelors,25,8,14,0,4,104,17,80,11,97,85,99,46,0,15,14,57,Medium
990,64,Female,Science,Part-time,PhD,29,0,3,11,18,154,14,61,18,71,96,75,42,7,0,14,56,Low
991,36,Male,Business,Part-time,Bachelors,3,1,3,3,3,108,19,45,18,85,91,68,86,6,1,6,70,Low
992,60,Female,Science,Full-time,PhD,27,2,29,3,5,121,2,82,20,79,97,94,82,4,9,8,87,Medium
993,28,Male,Business,Part-time,PhD,6,13,33,4,16,61,4,73,2,77,65,93,55,5,1,13,65,Low
994,29,Male,Engineering,Part-time,Masters,20,3,26,4,6,155,10,70,5,72,67,68,84,3,9,10,61,High
995,61,Female,Business,Full-time,PhD,2,9,30,7,6,42,8,94,1,82,76,72,73,8,17,6,84,High
996,32,Male,Business,Part-time,Masters,17,8,31,10,8,13,4,51,23,53,71,65,59,13,0,5,75,Low
997,52,Male,IT,Part-time,Bachelors,12,9,38,14,12,96,0,51,12,52,81,63,83,2,4,14,74,Low
998,55,Male,Business,Part-time,PhD,12,12,8,10,19,84,13,55,8,81,73,87,92,1,11,11,50,Low
999,33,Male,Business,Full-time,PhD,17,5,7,2,13,189,4,64,12,53,93,70,78,6,16,9,66,Medium
1000,53,Female,IT,Part-time,Bachelors,27,0,13,5,15,18,7,61,22,50,78,93,72,12,18,3,73,Low
1001,38,Female,Science,Part-time,Bachelors,10,11,32,11,8,73,13,66,13,61,65,94,53,1,17,13,57,Medium
1002,64,Female,IT,Full-time,PhD,3,8,22,12,14,39,15,63,18,62,77,64,95,12,12,10,66,Low
1003,46,Female,Engineering,Full-time,Bachelors,20,5,20,11,4,145,5,51,10,83,95,98,81,5,2,9,43,Low
1004,35,Female,IT,Part-time,Masters,18,3,11,2,17,142,7,92,13,78,96,70,74,10,9,11,56,High
1005,47,Female,Engineering,Part-time,Bachelors,13,13,1,12,19,85,1,57,15,58,97,71,50,7,13,1,45,Low
1006,25,Female,Science,Part-time,Bachelors,12,3,12,1,7,138,18,84,9,80,74,78,93,2,7,10,81,High
1007,61,Female,IT,Part-time,PhD,27,2,3,7,14,24,8,86,19,56,97,72,59,2,9,12,50,Low
1008,45,Female,IT,Full-time,Masters,27,6,19,0,8,98,4,55,15,62,99,63,69,2,1,10,44,Low
1009,50,Female,Science,Part-time,Bachelors,27,2,13,8,18,175,4,43,1,51,68,73,92,0,12,14,97,Low
1010,60,Male,Engineering,Full-time,Masters,17,1,29,10,5,179,18,51,24,82,65,61,97,8,4,8,96,High
1011,47,Female,IT,Full-time,Masters,4,9,28,6,3,137,3,88,15,99,61,67,67,4,10,9,57,High
1012,25,Male,Engineering,Part-time,Masters,23,7,7,11,10,183,15,72,13,56,75,81,54,8,0,10,96,Medium
1013,64,Male,IT,Part-time,PhD,10,3,11,9,9,190,15,61,20,67,60,72,77,4,9,4,64,Low
1014,39,Male,Business,Full-time,Bachelors,11,7,37,12,2,35,15,57,17,57,89,80,89,6,12,4,49,Low
1015,45,Male,IT,Full-time,PhD,6,0,25,14,0,70,6,93,5,61,92,80,52,0,3,10,80,Medium
1016,33,Female,Science,Part-time,Bachelors,6,14,1,11,11,132,17,87,6,92,60,87,86,8,9,11,55,High
1017,33,Male,Science,Full-time,Bachelors,27,4,39,10,14,76,0,72,12,79,98,92,74,0,11,2,49,Low
1018,34,Female,Engineering,Part-time,PhD,9,12,13,3,14,191,2,66,1,58,75,88,86,14,13,12,49,Low
1019,50,Female,IT,Part-time,Masters,15,8,5,2,13,159,7,81,14,77,76,96,63,3,2,2,75,Medium
1020,59,Male,Engineering,Full-time,Masters,2,0,39,5,6,35,0,58,16,53,97,81,95,6,1,0,60,Medium
1021,49,Female,Engineering,Full-time,Bachelors,4,10,30,8,16,92,6,87,12,88,77,85,40,10,18,11,95,High
1022,50,Male,Business,Part-time,PhD,5,12,16,14,18,117,6,53,6,66,81,70,81,14,10,10,53,Medium
1023,35,Male,Business,Full-time,Masters,17,3,24,8,6,120,7,64,0,60,81,70,63,11,6,4,47,Medium
1024,62,Female,Science,Part-time,Masters,8,5,31,3,2,69,18,73,2,51,94,93,66,8,17,2,40,Low
1025,26,Female,Engineering,Part-time,Bachelors,8,9,11,9,2,48,16,63,19,72,90,78,57,0,13,14,55,Low
1026,31,Male,Science,Part-time,Bachelors,22,7,12,4,17,132,10,77,17,99,99,96,97,11,6,10,65,Medium
1027,42,Female,IT,Full-time,PhD,12,13,18,10,19,45,14,99,6,71,86,73,65,13,6,1,88,High
1028,51,Female,Engineering,Part-time,Bachelors,21,2,24,12,13,30,8,93,20,75,95,88,68,12,8,10,81,Low
1029,58,Female,Engineering,Part-time,Masters,8,4,30,8,2,178,16,62,16,61,63,78,47,10,11,8,45,Medium
1030,51,Male,IT,Part-time,Masters,19,6,36,1,6,127,10,44,11,81,64,96,83,14,5,12,78,High
1031,41,Male,IT,Part-time,Masters,3,0,24,1,6,57,5,83,15,58,84,80,65,12,6,13,89,High
1032,48,Female,Science,Part-time,Masters,18,14,15,4,4,35,8,98,23,92,90,83,44,5,3,9,41,High
1033,49,Female,Science,Part-time,PhD,21,6,37,0,2,45,17,75,9,54,73,85,72,10,15,5,92,Medium
1034,31,Female,IT,Part-time,PhD,19,12,22,7,17,161,19,93,22,75,89,71,79,9,6,2,48,High
1035,30,Female,Science,Part-time,Bachelors,19,11,13,4,14,137,1,63,15,56,71,78,99,10,7,6,44,Low
1036,48,Female,IT,Part-time,Bachelors,15,10,5,11,19,158,3,75,19,78,86,89,44,14,7,11,79,Low
1037,57,Male,Engineering,Part-time,Bachelors,6,7,24,9,13,155,17,44,17,82,83,74,88,4,19,8,95,Medium
1038,53,Female,Engineering,Part-time,PhD,16,7,22,1,3,24,0,78,14,73,89,62,86,2,2,8,44,Medium
1039,46,Male,Business,Full-time,Masters,8,8,11,11,7,88,10,45,22,74,77,72,75,9,8,14,95,Medium
1040,50,Female,Engineering,Part-time,Bachelors,16,5,12,8,12,143,2,84,10,80,73,68,52,1,18,0,86,Medium
1041,52,Male,IT,Part-time,Masters,18,11,35,1,7,180,7,75,17,78,78,72,56,0,12,14,47,Medium
1042,45,Female,Science,Part-time,Bachelors,20,5,38,6,14,168,4,84,5,54,81,75,52,14,6,1,44,Low
1043,31,Male,Business,Full-time,Bachelors,16,1,33,7,16,37,19,43,0,87,85,73,64,1,19,14,44,Low
1044,41,Female,Science,Part-time,Bachelors,11,2,5,13,4,145,4,49,22,94,66,67,97,11,14,7,91,High
1045,44,Male,IT,Full-time,Bachelors,7,3,37,5,19,166,10,91,6,60,87,78,41,12,18,14,56,Medium
1046,44,Male,Engineering,Part-time,Bachelors,17,3,39,13,3,158,11,40,11,81,97,91,63,3,1,10,48,Low
1047,46,Male,Business,Part-time,Masters,17,7,7,10,10,129,8,60,19,57,64,94,75,5,11,0,73,Low
1048,52,Male,IT,Full-time,Bachelors,12,13,7,6,17,97,12,79,3,69,95,82,64,11,7,10,72,Medium
1049,64,Male,Business,Part-time,Masters,13,0,39,10,9,195,19,78,9,83,77,80,73,4,7,11,61,Medium
1050,31,Male,Business,Full-time,PhD,10,9,32,0,16,197,2,76,20,96,73,77,51,13,12,14,60,Medium
1051,25,Female,Engineering,Full-time,Bachelors,7,13,33,3,14,187,12,42,1,91,82,73,58,3,0,10,82,Medium
1052,56,Male,IT,Part-time,Masters,14,3,14,12,5,40,10,86,8,57,73,75,89,7,9,13,54,High
1053,37,Female,Science,Part-time,PhD,23,10,35,6,15,56,10,70,9,51,91,83,81,11,8,2,40,Low
1054,54,Female,Business,Part-time,PhD,1,11,34,0,14,43,19,66,19,70,64,91,69,6,1,10,46,Low
1055,47,Female,Business,Part-time,PhD,17,12,21,12,7,11,6,56,10,64,81,70,76,13,18,6,62,Low
1056,43,Female,Science,Full-time,Masters,4,10,22,0,8,115,16,62,24,55,87,70,82,3,13,7,90,Medium
1057,56,Female,IT,Full-time,Bachelors,21,10,39,10,10,103,15,52,13,54,71,63,40,9,9,4,95,Low
1058,54,Male,Business,Part-time,Bachelors,5,3,21,5,1,81,13,86,2,52,77,85,99,12,9,13,86,High
1059,53,Male,Business,Full-time,Masters,20,0,4,3,12,61,0,66,24,92,95,64,42,12,7,1,45,Medium
1060,53,Male,Business,Full-time,Bachelors,24,2,30,2,3,144,10,90,0,92,90,95,88,4,13,14,59,High
1061,54,Female,IT,Part-time,Masters,23,4,12,11,8,156,12,59,6,65,72,92,65,11,12,2,97,Medium
1062,40,Male,IT,Full-time,Bachelors,25,5,27,14,4,99,0,85,3,84,79,73,54,9,5,8,65,Medium
1063,64,Male,Science,Full-time,PhD,7,8,19,4,18,101,1,92,6,58,95,91,85,4,12,14,81,High
1064,43,Male,IT,Part-time,Bachelors,10,8,32,8,2,152,8,52,15,84,66,66,95,2,2,12,51,High
1065,42,Male,IT,Full-time,Masters,17,8,15,9,2,87,12,83,9,68,82,69,86,12,19,10,52,Medium
1066,25,Male,Engineering,Part-time,Masters,29,10,28,9,5,185,4,63,14,92,93,61,87,8,12,12,86,High
1067,38,Female,Science,Full-time,PhD,7,0,22,11,9,134,8,94,15,95,91,69,67,10,18,9,90,High
1068,26,Male,Business,Part-time,Masters,1,11,23,13,4,151,12,80,5,83,80,94,43,4,15,6,88,Low
1069,52,Female,IT,Full-time,Bachelors,7,8,33,13,2,140,4,98,3,88,65,80,58,11,3,12,52,Medium
1070,54,Female,Business,Full-time,Bachelors,26,12,6,11,6,59,14,42,3,59,75,99,63,12,2,0,41,Low
1071,62,Female,Business,Part-time,PhD,24,7,37,10,17,102,6,82,23,59,94,67,96,9,14,2,71,High
1072,28,Female,Engineering,Part-time,Masters,11,1,36,9,7,133,13,49,22,69,79,77,79,1,14,8,89,Low
1073,25,Female,IT,Part-time,PhD,9,12,3,2,0,63,15,40,3,50,70,68,45,12,17,6,70,Low
1074,32,Male,Science,Part-time,Bachelors,12,10,33,4,3,143,5,88,21,55,91,89,55,14,6,14,50,Medium
1075,53,Male,IT,Full-time,PhD,3,0,21,9,6,186,1,99,21,95,73,63,71,3,19,11,76,High
1076,63,Male,Business,Full-time,Masters,4,0,4,4,13,160,15,97,16,51,83,94,69,11,4,12,43,Medium
1077,27,Female,Science,Full-time,PhD,4,11,22,8,12,87,18,52,12,87,98,73,74,3,7,12,73,Low
1078,56,Male,IT,Part-time,Masters,28,5,14,10,9,87,4,53,1,82,90,73,47,4,9,12,98,Medium
1079,34,Male,Business,Full-time,Masters,25,8,30,11,17,29,3,72,19,52,76,96,44,7,0,13,55,Low
1080,34,Female,Business,Full-time,Bachelors,13,6,8,9,0,100,13,41,5,85,84,79,76,4,10,14,70,Medium
1081,43,Female,Engineering,Part-time,Bachelors,23,4,24,10,3,197,5,41,21,62,68,88,51,0,2,14,64,Low
1082,58,Female,Engineering,Part-time,Bachelors,19,10,24,3,15,108,7,78,0,84,81,82,64,1,2,1,78,Low
1083,57,Female,Engineering,Full-time,Masters,10,1,20,0,15,182,2,80,7,64,94,80,72,14,14,5,47,Medium
1084,47,Male,Business,Part-time,PhD,5,0,8,9,17,198,3,95,17,94,96,90,78,2,16,8,47,High
1085,52,Female,IT,Full-time,Masters,7,1,37,4,7,65,0,70,20,71,76,91,63,2,17,14,73,Medium
1086,56,Female,Engineering,Full-time,Bachelors,24,0,21,0,9,11,1,43,3,92,87,66,50,9,7,3,54,Medium
1087,31,Male,IT,Part-time,Bachelors,16,2,22,5,15,114,12,73,4,53,60,72,81,5,12,9,44,Low
1088,53,Male,Engineering,Full-time,PhD,1,5,3,11,10,182,8,58,4,66,68,82,74,8,9,1,58,Low
1089,32,Female,Science,Part-time,Bachelors,12,12,28,9,5,177,11,97,14,54,72,67,79,9,2,2,49,High
1090,25,Male,Science,Part-time,Bachelors,2,7,14,9,0,121,9,76,9,70,91,71,40,0,19,6,48,Low
1091,27,Female,Engineering,Full-time,Bachelors,7,2,0,14,11,33,9,48,7,73,87,95,47,5,13,3,96,Low
1092,48,Female,Business,Full-time,PhD,11,9,29,6,5,166,17,63,6,80,90,75,62,8,12,6,93,High
1093,47,Male,Engineering,Full-time,Masters,29,8,28,0,12,118,11,52,11,89,67,85,59,3,2,4,68,Low
1094,32,Male,Engineering,Part-time,Bachelors,13,9,19,9,16,77,15,83,24,79,67,88,71,9,12,13,91,High
1095,61,Female,Business,Full-time,PhD,2,4,32,3,0,123,5,69,10,91,93,88,50,2,19,7,79,Medium
1096,27,Female,Science,Part-time,Bachelors,7,6,35,8,7,93,9,58,12,56,82,65,46,12,8,7,76,Medium
1097,57,Female,IT,Part-time,PhD,15,7,21,12,7,191,14,80,14,98,69,96,97,5,15,4,58,High
1098,52,Male,Engineering,Full-time,Bachelors,25,2,12,0,10,190,8,49,16,56,96,92,69,5,7,6,52,Low
1099,32,Female,Business,Part-time,PhD,11,1,6,8,13,58,1,90,21,76,84,90,98,12,11,10,98,Medium
1100,58,Female,Engineering,Full-time,Bachelors,2,1,7,7,9,41,17,81,21,73,92,77,87,1,11,5,85,Low
1101,59,Female,Business,Full-time,Masters,7,4,27,4,14,70,11,83,17,68,63,97,78,14,18,12,79,Medium
1102,56,Female,IT,Full-time,Bachelors,4,14,8,5,6,179,2,53,7,90,66,90,52,4,16,7,55,Low
1103,48,Female,IT,Full-time,PhD,11,0,24,6,6,138,6,79,5,83,92,75,81,0,14,8,69,High
1104,38,Male,Science,Full-time,Bachelors,29,14,15,3,9,111,8,87,10,71,61,99,99,12,17,4,99,High
1105,56,Female,Business,Full-time,Masters,2,1,9,13,3,44,7,88,8,76,91,96,88,8,6,6,93,High
1106,40,Female,Business,Full-time,Bachelors,29,12,10,13,17,60,5,59,4,55,64,73,42,8,12,13,44,Low
1107,28,Female,Science,Part-time,PhD,16,8,30,5,9,54,0,43,6,59,76,98,46,2,18,0,72,Low
1108,61,Female,Science,Full-time,PhD,7,6,11,6,18,86,13,77,21,94,71,63,82,4,15,10,58,Medium
1109,45,Male,Business,Part-time,Masters,13,14,30,10,13,122,15,83,14,80,71,89,52,14,10,7,94,High
1110,38,Male,Science,Part-time,PhD,5,14,13,14,12,74,15,99,20,74,94,92,76,2,4,2,58,High
1111,55,Male,IT,Part-time,Bachelors,17,5,31,5,14,23,3,89,21,51,80,95,64,6,1,0,56,Medium
1112,42,Female,Engineering,Full-time,Bachelors,21,8,16,10,15,102,5,78,3,59,80,89,62,12,0,5,63,Medium
1113,31,Female,IT,Part-time,Bachelors,12,6,34,12,1,140,14,44,18,59,61,73,90,14,15,13,94,Medium
1114,34,Male,Science,Part-time,PhD,28,13,0,14,3,33,7,81,12,75,80,82,86,0,4,12,92,High
1115,31,Male,Business,Full-time,Bachelors,19,10,28,11,17,74,0,71,0,54,74,87,72,14,6,7,67,Low
1116,57,Male,Business,Full-time,Bachelors,7,4,3,5,16,185,12,45,0,71,70,66,44,4,8,10,81,Medium
1117,47,Female,IT,Part-time,Bachelors,6,14,22,1,9,147,17,98,21,53,69,69,71,5,3,2,76,High
1118,45,Female,Business,Full-time,Masters,8,8,27,4,8,22,17,53,13,83,77,63,69,13,18,0,61,High
1119,43,Male,Science,Full-time,PhD,13,5,15,2,14,151,12,45,8,56,82,97,70,10,19,2,78,Medium
1120,43,Male,IT,Full-time,PhD,5,5,11,6,11,109,13,53,23,99,90,72,52,11,14,14,55,Medium
1121,60,Male,Business,Full-time,PhD,2,10,20,3,8,147,10,51,11,66,85,80,81,13,6,4,74,Low
1122,53,Female,Engineering,Part-time,Masters,9,3,16,0,13,177,6,66,17,60,61,92,44,6,17,10,66,Low
1123,42,Female,Engineering,Full-time,PhD,11,12,39,11,12,160,17,93,8,99,98,99,62,2,4,7,51,High
1124,26,Female,Science,Full-time,Masters,24,11,12,11,5,108,3,65,7,57,66,87,40,6,12,8,85,Low
1125,25,Male,Business,Full-time,Masters,6,0,31,5,18,64,16,51,13,77,83,82,49,3,2,12,67,Medium
1126,29,Male,Science,Part-time,PhD,29,4,36,5,3,72,18,47,8,93,98,91,89,9,5,11,91,High
1127,44,Female,IT,Part-time,Bachelors,26,10,14,6,19,80,13,49,19,82,91,64,66,10,11,8,40,Low
1128,35,Male,Engineering,Full-time,Bachelors,7,8,11,14,16,179,9,55,24,74,85,85,93,13,17,3,78,Medium
1129,26,Female,IT,Full-time,PhD,25,12,14,10,18,108,5,91,1,70,82,98,47,5,17,7,97,High
1130,27,Male,Business,Part-time,PhD,7,7,33,7,2,75,17,65,0,61,73,85,91,4,3,10,57,Medium
1131,47,Male,Science,Full-time,Masters,19,7,5,14,13,88,3,47,12,75,88,62,42,3,19,4,62,Low
1132,36,Male,Science,Full-time,PhD,6,4,16,2,16,82,10,80,24,78,84,83,58,5,13,2,61,Medium
1133,44,Male,Science,Part-time,Masters,11,11,19,13,12,56,12,84,9,87,90,93,90,12,13,4,43,Medium
1134,29,Female,IT,Full-time,PhD,29,8,8,5,8,90,7,68,7,84,61,93,41,11,0,1,87,Low
1135,61,Male,Engineering,Full-time,Bachelors,11,2,4,9,0,135,9,59,6,86,61,79,88,2,10,10,50,High
1136,62,Female,IT,Part-time,Bachelors,7,2,22,1,16,61,10,56,23,95,82,89,70,2,8,10,57,High
1137,54,Female,IT,Part-time,PhD,2,0,32,12,15,155,2,58,11,93,70,79,87,4,17,10,94,High
1138,33,Female,Business,Full-time,Masters,19,8,37,13,17,155,14,56,16,94,88,77,92,10,4,5,87,High
1139,58,Male,Business,Part-time,Bachelors,4,5,13,8,1,161,7,78,24,94,94,97,49,4,9,0,46,Low
1140,59,Female,Business,Full-time,Masters,26,1,16,1,13,32,19,99,11,78,68,79,92,8,14,5,60,High
1141,46,Female,Engineering,Full-time,PhD,6,7,18,2,16,149,17,40,15,98,91,65,55,14,9,12,96,High
1142,48,Female,Engineering,Full-time,PhD,17,11,32,11,2,160,0,98,9,73,89,84,76,3,15,4,74,High
1143,41,Male,Business,Part-time,Bachelors,25,8,0,14,1,30,7,91,24,64,74,62,59,4,3,12,96,Low
1144,34,Male,Business,Part-time,PhD,5,8,12,14,7,73,2,68,11,55,73,78,42,11,3,8,76,Low
1145,54,Female,Engineering,Full-time,Bachelors,29,1,26,12,1,81,0,53,10,81,76,69,99,8,7,12,89,High
1146,47,Male,Science,Full-time,Masters,28,1,5,9,1,171,19,56,24,93,81,64,74,3,5,13,96,Medium
1147,56,Female,Engineering,Part-time,Bachelors,7,12,5,11,8,139,15,52,13,83,89,81,73,12,10,6,69,Medium
1148,41,Female,Engineering,Part-time,Bachelors,9,6,32,11,19,78,8,68,21,85,76,68,60,14,12,5,56,Low
1149,41,Male,Engineering,Part-time,Masters,25,10,29,1,5,168,16,73,19,69,75,92,75,14,18,14,72,Low
1150,38,Female,Business,Full-time,Bachelors,1,3,34,8,11,77,15,66,12,61,67,74,71,2,10,10,55,Low
1151,33,Male,Science,Part-time,Bachelors,1,12,22,0,8,156,5,85,1,84,98,83,93,6,1,11,54,Medium
1152,64,Male,Engineering,Part-time,PhD,19,0,9,4,6,137,6,72,19,98,90,89,57,6,2,6,52,High
1153,26,Female,Business,Full-time,Masters,6,7,18,0,11,116,15,68,6,87,71,95,73,7,14,9,78,Low
1154,49,Male,IT,Full-time,Bachelors,18,1,27,4,4,118,7,76,0,66,92,98,95,3,12,4,42,Medium
1155,63,Male,IT,Full-time,Masters,10,13,22,7,15,81,9,78,24,76,71,65,77,3,9,0,63,High
1156,33,Female,Engineering,Part-time,Masters,28,2,3,7,4,112,13,58,2,66,84,74,42,13,4,14,62,Low
1157,46,Female,IT,Full-time,Bachelors,11,4,19,10,11,150,10,85,19,60,97,97,92,13,10,8,98,High
1158,28,Male,Science,Full-time,PhD,1,13,18,7,19,74,1,63,11,88,77,98,42,8,13,4,84,Low
1159,50,Male,IT,Full-time,Masters,1,2,26,1,8,143,11,53,4,51,78,81,66,9,19,3,87,Low
1160,53,Female,IT,Full-time,Bachelors,13,6,33,7,6,121,19,86,11,51,62,62,41,6,14,5,94,Low
1161,58,Male,Science,Part-time,Masters,5,6,3,11,18,164,19,76,2,78,94,88,42,2,12,4,40,High
1162,47,Male,Engineering,Full-time,PhD,20,13,37,4,19,88,12,44,19,94,64,88,56,14,2,0,71,Medium
1163,61,Male,Engineering,Part-time,PhD,1,1,6,14,10,189,14,92,4,73,94,90,85,12,8,1,72,Medium
1164,35,Male,Science,Part-time,PhD,20,12,6,0,11,135,11,63,0,73,86,61,78,8,7,3,99,Medium
1165,30,Male,Science,Part-time,Bachelors,3,12,25,6,2,130,12,73,15,65,96,94,93,12,14,7,87,Low
1166,42,Male,Science,Full-time,Bachelors,18,6,25,12,16,96,7,89,8,80,80,68,92,4,0,4,69,Medium
1167,45,Male,IT,Part-time,PhD,9,10,18,5,6,57,15,70,9,98,75,81,77,3,1,6,41,High
1168,60,Female,Science,Full-time,Bachelors,14,5,8,4,9,97,2,69,9,92,87,78,79,0,8,1,57,High
1169,62,Female,Business,Full-time,PhD,27,9,19,0,14,77,12,99,12,58,84,96,58,8,16,7,98,Medium
1170,58,Female,IT,Full-time,Bachelors,17,8,15,13,1,181,11,95,15,76,92,69,58,5,8,4,92,High
1171,41,Female,Engineering,Part-time,PhD,23,12,16,13,12,110,18,48,19,90,76,80,83,10,0,3,96,High
1172,61,Female,Engineering,Full-time,Masters,14,8,21,0,3,26,1,66,24,63,89,76,44,1,7,8,94,Low
1173,49,Male,Engineering,Full-time,PhD,29,1,12,5,17,47,0,67,3,94,63,62,44,12,4,5,69,High
1174,62,Male,IT,Full-time,PhD,4,6,11,9,0,147,7,81,13,74,61,66,53,6,10,14,57,Medium
1175,36,Male,Business,Part-time,Bachelors,5,4,9,11,1,63,8,65,16,92,68,96,66,2,5,13,44,Low
1176,47,Male,Science,Part-time,Bachelors,26,12,0,6,1,143,7,57,4,93,90,95,88,14,16,3,44,Low
1177,46,Female,Science,Part-time,Bachelors,21,5,31,9,3,143,16,75,12,71,84,62,87,5,17,7,47,Medium
1178,45,Male,Engineering,Full-time,Bachelors,17,0,29,9,2,61,8,47,24,84,96,72,75,7,17,2,48,Medium
1179,51,Male,Engineering,Part-time,Bachelors,22,6,7,0,16,24,5,57,2,82,95,89,96,2,4,13,71,High
1180,55,Female,IT,Full-time,Bachelors,29,5,20,8,13,77,14,59,4,76,64,82,79,12,4,12,95,Medium
1181,30,Male,Business,Full-time,Masters,25,3,21,14,1,194,12,97,15,89,83,66,74,11,18,9,53,High
1182,51,Male,Science,Part-time,PhD,2,0,17,3,15,121,11,71,18,75,83,89,60,11,12,1,52,Low
1183,64,Female,IT,Full-time,PhD,23,8,1,4,10,193,12,68,18,68,88,88,44,4,6,6,57,Medium
1184,58,Male,Science,Part-time,PhD,22,3,8,1,12,113,6,88,16,94,90,67,94,13,13,13,43,High
1185,36,Male,Engineering,Full-time,Masters,5,1,2,13,0,16,17,87,17,88,96,69,63,5,7,11,89,Medium
1186,31,Male,Science,Part-time,PhD,4,7,25,11,1,60,13,57,17,94,78,92,96,0,2,14,61,Medium
1187,34,Male,Business,Full-time,Masters,4,1,20,9,1,67,10,46,24,75,82,79,78,9,3,3,59,Low
1188,41,Male,Business,Full-time,Masters,6,4,29,12,4,118,13,40,22,55,94,88,89,6,9,3,54,Low
1189,50,Female,Engineering,Full-time,Masters,20,10,27,7,3,120,16,67,7,52,65,88,63,3,3,9,46,Medium
1190,45,Female,Business,Full-time,PhD,21,5,35,13,11,163,1,72,17,55,65,80,79,9,17,8,52,Medium
1191,52,Female,Business,Full-time,Masters,13,10,25,1,2,195,18,89,8,77,96,60,82,10,11,1,73,High
1192,26,Female,IT,Part-time,PhD,22,12,33,2,19,40,15,43,18,52,89,93,85,14,19,0,80,Low
1193,25,Female,Science,Full-time,PhD,5,7,7,14,9,101,9,94,9,62,60,91,89,6,19,14,69,High
1194,60,Female,Engineering,Part-time,Bachelors,23,10,9,11,19,115,7,59,1,62,67,73,52,6,14,6,44,Low
1195,50,Male,Engineering,Part-time,Bachelors,25,0,13,14,17,22,4,92,16,62,87,96,77,10,12,14,40,High
1196,53,Female,Engineering,Part-time,Masters,26,0,39,8,9,155,6,91,24,50,84,94,84,4,11,11,99,High
1197,45,Female,Engineering,Full-time,Masters,23,11,14,1,0,128,12,75,23,89,92,83,97,7,7,7,70,Medium
1198,35,Male,Engineering,Full-time,PhD,7,3,16,13,5,150,15,96,12,86,97,60,40,7,8,2,98,High
1199,64,Male,Business,Full-time,Masters,20,4,17,5,10,124,4,70,10,80,73,65,82,4,19,1,90,High
1200,35,Female,IT,Part-time,Masters,1,12,31,11,1,161,15,77,15,66,70,63,78,4,8,3,59,Low
1201,60,Male,Engineering,Full-time,PhD,14,14,37,3,6,66,14,67,19,58,61,97,49,6,16,1,58,Low
1202,63,Female,IT,Full-time,Masters,24,12,22,6,19,135,8,42,6,94,89,60,41,5,0,11,93,Low
1203,64,Male,IT,Part-time,Masters,4,8,22,13,17,166,11,45,2,62,89,90,55,3,5,1,68,Low
1204,59,Female,Business,Part-time,PhD,17,10,34,13,18,193,7,84,15,86,63,95,76,1,6,4,84,High
1205,58,Male,Engineering,Part-time,PhD,21,13,38,5,3,63,12,62,18,63,72,68,55,7,8,9,77,Low
1206,48,Male,Business,Part-time,Bachelors,14,6,14,9,12,142,4,46,19,60,66,82,62,2,9,4,49,Low
1207,46,Female,Engineering,Part-time,PhD,16,6,23,13,17,172,13,95,15,74,97,90,65,1,3,7,68,Low
1208,29,Female,Business,Part-time,Bachelors,14,7,27,8,19,28,15,75,1,80,62,88,55,11,15,8,70,Medium
1209,57,Female,IT,Full-time,Masters,16,14,15,13,12,192,10,40,13,63,68,80,66,14,11,1,50,Low
1210,60,Female,Engineering,Part-time,PhD,24,4,15,8,18,86,19,45,19,56,73,62,86,9,8,0,62,Low
1211,44,Female,Science,Full-time,PhD,20,4,39,9,16,78,11,63,9,73,70,85,80,6,2,2,69,High
1212,43,Male,IT,Full-time,PhD,29,0,38,3,0,53,14,76,18,98,96,65,69,9,8,5,64,High
1213,59,Female,Science,Full-time,Masters,28,13,5,0,5,47,11,84,23,85,73,79,72,5,16,13,55,Medium
1214,41,Female,IT,Part-time,Bachelors,8,8,1,1,18,71,8,90,10,91,78,72,71,7,13,4,97,High
1215,58,Male,Business,Full-time,Masters,24,5,12,7,19,31,0,75,17,91,67,82,48,12,4,7,96,Medium
1216,33,Male,Engineering,Part-time,Masters,3,8,8,13,0,82,2,63,10,96,66,74,50,13,0,7,62,High
1217,50,Female,IT,Part-time,PhD,25,2,33,9,7,177,11,77,8,93,66,90,76,5,0,1,98,High
1218,26,Male,Business,Full-time,Bachelors,19,4,16,7,16,163,19,84,18,90,62,63,45,6,2,13,72,Medium
1219,33,Male,Engineering,Part-time,Masters,1,1,26,13,14,134,12,68,19,52,62,70,69,1,8,8,90,Medium
1220,33,Female,Engineering,Full-time,PhD,2,9,28,14,17,14,5,76,9,96,77,61,79,9,5,13,76,Medium
1221,64,Male,IT,Full-time,Masters,15,4,36,1,6,63,9,84,2,93,92,75,54,13,8,13,97,High
1222,41,Male,Engineering,Part-time,Masters,22,14,21,3,15,95,9,71,2,75,96,90,98,1,3,3,67,High
1223,25,Female,IT,Full-time,PhD,28,12,23,0,6,186,15,64,23,96,87,98,87,5,19,13,66,High
1224,49,Female,Engineering,Full-time,PhD,10,12,6,6,16,12,0,49,7,75,95,63,69,8,18,0,45,Low
1225,64,Male,Science,Full-time,Bachelors,18,12,33,3,3,47,15,74,5,50,75,87,57,13,4,13,77,Low
1226,49,Male,Business,Part-time,Masters,22,14,11,10,11,151,3,94,19,64,74,75,51,2,4,1,76,Medium
1227,63,Female,Science,Full-time,PhD,14,13,22,13,12,184,5,64,0,60,88,98,94,10,13,13,45,Low
1228,59,Male,IT,Part-time,PhD,17,7,14,7,3,151,18,66,19,86,77,84,99,9,9,10,64,High
1229,27,Male,Science,Part-time,Bachelors,27,10,32,8,0,82,1,84,23,56,78,72,43,13,15,5,52,Low
1230,61,Male,IT,Full-time,Bachelors,13,1,12,11,0,47,17,71,5,61,88,64,96,13,5,4,72,Medium
1231,54,Female,Engineering,Full-time,PhD,1,7,22,8,6,181,9,98,1,87,65,89,93,12,19,11,72,High
1232,62,Male,Engineering,Part-time,Bachelors,5,3,37,2,8,134,3,51,18,52,86,60,55,7,13,6,64,Low
1233,58,Male,IT,Part-time,PhD,26,9,31,4,0,79,0,43,6,91,66,64,62,14,17,8,53,Medium
1234,36,Female,Science,Full-time,Masters,13,9,34,5,15,74,14,81,10,75,86,73,50,4,8,5,79,Medium
1235,43,Male,Engineering,Full-time,Bachelors,27,14,0,5,17,34,9,65,10,79,78,70,93,12,6,5,80,High
1236,61,Male,Business,Part-time,Masters,25,0,4,9,14,25,17,42,3,81,76,93,98,5,17,1,94,Medium
1237,41,Female,Engineering,Part-time,Masters,14,12,12,7,5,24,15,56,19,85,70,88,63,5,9,6,81,Low
1238,34,Female,Business,Part-time,Masters,24,4,4,5,1,140,12,48,15,94,64,77,61,10,1,1,77,Medium
1239,36,Female,Science,Part-time,PhD,3,12,31,5,8,46,14,68,4,86,61,74,78,11,12,12,48,Medium
1240,40,Female,Business,Part-time,Masters,15,0,20,3,3,192,1,40,23,67,71,84,95,9,5,6,57,Medium
1241,48,Male,Business,Full-time,Masters,19,6,23,6,12,134,19,57,6,50,70,89,54,10,8,7,54,Low
1242,43,Male,Business,Part-time,Masters,17,7,17,13,10,122,3,80,24,70,69,61,88,12,19,11,43,Medium
1243,32,Female,Business,Part-time,PhD,3,2,20,13,12,175,0,92,15,77,87,99,54,2,7,0,73,High
1244,55,Female,Engineering,Full-time,Masters,16,2,9,7,10,10,6,59,14,97,66,86,49,10,9,8,77,Medium
1245,45,Male,Business,Full-time,Masters,14,6,23,2,18,80,10,96,4,65,73,74,67,10,15,7,56,High
1246,41,Female,Engineering,Part-time,Bachelors,12,3,39,6,7,112,9,80,0,97,72,91,75,4,14,8,46,High
1247,47,Male,Business,Part-time,PhD,28,2,20,2,6,28,0,73,19,77,64,79,93,11,12,4,71,High
1248,61,Female,IT,Full-time,Masters,12,14,24,7,15,61,10,90,21,71,67,73,56,0,17,12,94,High
1249,40,Male,Science,Part-time,Bachelors,29,7,22,0,2,127,9,67,21,68,60,86,75,1,5,13,62,Medium
1250,30,Female,Business,Part-time,PhD,11,2,21,0,16,167,13,87,8,97,64,62,61,9,19,3,59,High
1251,32,Female,IT,Full-time,PhD,17,12,3,13,17,116,13,74,20,50,70,62,62,14,8,0,86,Low
1252,49,Male,Business,Part-time,PhD,8,13,33,5,14,64,6,55,4,80,69,72,68,2,17,8,95,High
1253,42,Female,Business,Full-time,PhD,17,6,5,9,16,23,10,60,21,91,74,84,61,3,6,13,92,Medium
1254,49,Male,Business,Full-time,PhD,21,1,27,8,10,22,3,52,5,83,98,77,50,12,4,3,41,High
1255,36,Male,IT,Full-time,PhD,25,10,30,11,4,93,1,74,2,95,88,60,75,8,10,14,60,High
1256,39,Male,Science,Full-time,Masters,23,10,34,13,15,99,6,81,5,89,84,98,83,0,12,3,51,High
1257,50,Male,IT,Part-time,Masters,20,0,38,3,14,36,18,93,7,55,65,64,68,2,2,3,81,Medium
1258,50,Male,Science,Full-time,Masters,11,11,22,5,9,98,13,71,5,77,70,61,94,2,0,1,96,High
1259,56,Female,Business,Part-time,Masters,25,5,5,11,13,146,18,89,15,52,76,89,81,12,3,11,97,Low
1260,34,Female,Engineering,Part-time,Bachelors,25,7,15,4,1,50,6,77,15,80,74,76,71,14,18,10,88,High
1261,40,Male,Business,Part-time,Masters,2,0,1,11,15,57,11,45,20,65,75,88,53,12,17,12,66,Low
1262,31,Female,Science,Part-time,PhD,10,12,23,14,18,21,2,89,2,66,61,63,57,5,5,3,89,Medium
1263,41,Male,IT,Part-time,Masters,10,9,16,0,7,147,14,77,16,93,95,68,77,4,9,1,87,Medium
1264,47,Female,Business,Full-time,Masters,11,11,0,5,14,15,4,77,20,76,78,80,76,2,6,7,49,Low
1265,50,Female,IT,Full-time,PhD,28,8,5,8,9,171,7,93,5,73,97,71,73,3,11,6,47,Medium
1266,45,Female,IT,Full-time,Masters,6,14,4,14,4,189,13,99,5,69,80,71,96,10,7,10,60,Medium
1267,46,Female,IT,Full-time,Masters,4,2,28,14,19,50,3,52,21,81,70,63,84,6,12,9,99,Low
1268,31,Male,Business,Part-time,Masters,24,2,11,11,15,15,6,85,18,84,62,87,62,2,17,1,96,High
1269,38,Male,IT,Full-time,Bachelors,12,3,38,2,11,139,6,92,19,62,93,68,71,8,13,13,61,Medium
1270,39,Female,IT,Part-time,Masters,11,10,2,10,12,24,17,78,14,97,77,99,85,7,10,1,52,High
1271,31,Female,Business,Part-time,PhD,23,14,0,14,8,154,13,52,18,92,74,91,42,12,9,1,87,Low
1272,33,Male,IT,Full-time,PhD,23,0,26,2,16,25,7,86,1,69,84,72,94,1,5,0,79,High
1273,32,Female,Business,Full-time,Masters,27,8,23,13,19,165,11,51,7,97,74,93,82,4,12,12,51,Medium
1274,47,Male,Science,Full-time,Masters,26,10,18,1,11,94,9,92,6,51,89,78,98,13,9,5,56,High
1275,53,Male,Science,Full-time,Masters,25,2,7,12,4,19,13,98,7,53,76,73,61,3,11,5,87,Medium
1276,42,Male,Science,Part-time,PhD,13,12,1,3,11,147,8,72,12,76,77,64,62,11,0,0,48,Low
1277,55,Female,IT,Part-time,PhD,5,9,29,9,0,147,5,67,21,74,90,86,43,12,17,10,96,Medium
1278,54,Male,Engineering,Full-time,Bachelors,6,3,29,2,19,165,4,96,14,53,77,87,52,4,12,0,90,Medium
1279,63,Female,Engineering,Part-time,Bachelors,1,0,38,11,15,161,0,42,11,81,94,85,71,2,3,5,88,Low
1280,59,Male,IT,Part-time,Bachelors,6,3,31,1,11,28,0,57,14,66,72,69,97,9,5,10,95,High
1281,42,Female,Engineering,Part-time,PhD,18,12,0,0,8,77,19,65,13,50,73,83,68,14,17,5,79,Low
1282,63,Female,Business,Full-time,Bachelors,22,0,37,2,12,193,16,93,6,82,95,76,79,10,4,3,51,Medium
1283,41,Female,Engineering,Part-time,Masters,9,4,12,9,16,51,10,79,16,79,77,75,79,0,17,2,48,Medium
1284,38,Male,IT,Full-time,Masters,24,4,10,5,16,149,11,41,4,54,64,76,94,7,4,13,69,Low
1285,55,Male,IT,Full-time,PhD,25,13,9,8,3,155,2,43,19,61,73,60,84,8,6,8,45,Low
1286,48,Female,Business,Part-time,Bachelors,29,10,25,10,13,160,5,89,9,87,84,80,94,7,8,5,64,High
1287,59,Female,Science,Part-time,Masters,15,6,19,4,18,93,10,67,18,81,98,81,49,3,2,0,67,High
1288,58,Female,IT,Full-time,PhD,26,13,16,14,6,143,12,67,17,87,71,64,52,11,11,2,49,Low
1289,27,Male,Business,Part-time,Bachelors,8,7,16,2,2,62,10,64,24,66,99,95,84,1,19,0,80,Medium
1290,61,Male,Engineering,Part-time,Masters,19,3,3,13,0,107,7,65,23,94,87,80,95,3,13,2,67,High
1291,64,Male,Engineering,Full-time,Bachelors,24,6,4,4,11,51,9,84,9,89,94,68,56,13,7,1,68,High
1292,50,Male,Business,Full-time,PhD,16,3,22,4,14,39,1,86,1,81,60,86,77,8,11,4,75,High
1293,47,Female,Business,Full-time,Bachelors,6,2,9,4,10,18,13,41,5,73,62,71,41,9,6,14,50,Low
1294,63,Female,IT,Full-time,PhD,29,14,27,11,9,179,15,81,2,61,66,77,56,8,8,2,60,Medium
1295,39,Male,Engineering,Part-time,Bachelors,6,5,32,11,1,43,16,73,18,96,68,94,83,4,11,6,93,High
1296,28,Male,Business,Part-time,Masters,22,3,25,6,3,177,10,69,4,80,95,74,65,4,3,7,77,Medium
1297,53,Female,Engineering,Full-time,PhD,3,13,28,4,16,97,1,60,6,68,82,89,94,9,4,6,65,High
1298,46,Male,Business,Full-time,PhD,10,2,26,6,16,154,4,83,6,78,83,92,77,2,8,1,57,High
1299,49,Male,Engineering,Full-time,PhD,1,14,17,8,7,166,15,76,9,70,69,95,76,13,6,9,43,Medium
1300,37,Male,Science,Part-time,Bachelors,28,14,39,4,13,59,15,83,0,75,71,99,44,14,13,9,83,Low
1301,42,Male,IT,Full-time,Bachelors,14,8,9,1,3,85,1,62,10,77,78,89,64,5,19,6,80,Low
1302,57,Male,Engineering,Part-time,Masters,4,4,4,4,5,186,15,72,22,66,91,85,48,6,16,9,54,Low
1303,40,Male,Science,Full-time,PhD,26,12,9,7,18,198,4,99,6,58,83,80,99,11,0,2,62,High
1304,26,Female,Engineering,Full-time,PhD,12,13,20,11,3,55,7,41,5,70,81,96,67,14,14,6,80,Low
1305,59,Male,Engineering,Full-time,Bachelors,6,6,23,3,2,55,19,66,5,99,62,90,61,9,14,14,45,Medium
1306,58,Male,Science,Part-time,Bachelors,11,11,37,1,19,135,13,87,12,83,99,76,68,13,0,0,82,High
1307,54,Female,Engineering,Part-time,Masters,12,13,2,9,5,26,9,98,15,60,86,76,74,14,14,1,46,Low
1308,37,Female,Engineering,Part-time,Masters,10,5,39,2,6,75,1,61,12,69,78,93,94,11,1,11,96,High
1309,37,Female,IT,Full-time,Bachelors,18,9,30,8,13,113,2,73,1,98,68,83,59,8,3,9,85,High
1310,42,Male,Science,Part-time,PhD,7,14,36,8,11,14,17,55,18,99,72,92,44,6,16,0,99,High
1311,56,Female,Science,Part-time,Masters,7,4,1,7,15,132,1,59,18,96,61,63,78,2,15,8,87,High
1312,56,Male,Business,Full-time,Bachelors,11,6,1,7,19,191,8,65,18,88,95,68,83,11,17,12,54,High
1313,59,Male,Engineering,Full-time,Bachelors,4,10,38,7,7,134,1,55,17,65,88,61,71,12,15,12,91,High
1314,63,Male,IT,Part-time,PhD,20,5,33,7,1,121,6,45,24,78,70,94,78,6,7,14,48,Medium
1315,53,Female,Engineering,Part-time,Bachelors,1,9,19,7,12,25,6,84,5,50,93,97,49,12,5,1,90,Medium
1316,53,Female,Engineering,Part-time,Bachelors,13,1,32,0,7,90,13,83,1,67,63,74,79,0,19,1,69,Medium
1317,40,Female,Business,Part-time,Masters,18,12,3,5,19,100,4,62,18,71,63,62,56,1,1,5,83,Low
1318,34,Female,Engineering,Full-time,Bachelors,9,12,10,11,15,144,7,81,5,57,60,90,76,3,18,6,82,Low
1319,54,Female,IT,Full-time,Bachelors,26,12,4,8,3,145,17,76,19,56,84,82,54,6,12,13,67,Low
1320,49,Male,IT,Full-time,Masters,24,2,24,7,15,81,5,47,22,74,85,71,99,14,5,12,69,High
1321,63,Male,Business,Part-time,PhD,24,1,36,2,19,105,13,45,21,79,70,67,48,8,5,1,47,Low
1322,44,Male,Engineering,Part-time,PhD,9,11,33,10,5,120,17,76,14,83,82,80,71,14,12,13,74,Medium
1323,29,Male,IT,Full-time,Masters,23,2,8,0,3,91,16,91,5,93,61,80,62,4,0,3,90,High
1324,25,Female,Engineering,Full-time,Masters,29,0,5,1,15,47,8,61,2,97,78,91,50,14,8,2,74,High
1325,54,Female,Engineering,Part-time,PhD,9,7,17,10,12,63,12,45,10,90,88,76,99,7,11,12,96,High
1326,27,Male,Engineering,Part-time,PhD,10,5,13,14,4,85,15,93,7,60,99,96,52,6,11,4,65,Medium
1327,38,Female,Business,Full-time,PhD,28,12,18,1,14,24,9,71,24,64,63,83,57,4,3,8,69,High
1328,54,Female,Engineering,Full-time,PhD,2,1,13,6,7,187,9,56,21,84,75,67,88,12,18,1,74,Low
1329,28,Male,IT,Full-time,PhD,6,7,39,11,6,193,3,77,17,72,96,77,95,2,15,12,77,High
1330,42,Male,Engineering,Part-time,Masters,15,5,16,5,13,125,11,56,16,94,86,70,48,2,11,4,50,Medium
1331,61,Female,IT,Part-time,Bachelors,3,6,34,10,6,18,7,76,18,70,64,69,81,12,0,7,59,High
1332,49,Female,Engineering,Part-time,PhD,11,10,28,1,6,17,14,62,18,77,74,85,44,5,3,5,85,Medium
1333,25,Male,IT,Part-time,PhD,6,0,16,7,17,119,18,88,23,62,82,65,82,9,8,3,70,Medium
1334,39,Male,IT,Part-time,Bachelors,3,6,7,14,9,156,14,88,20,83,62,76,61,10,6,14,73,High
1335,33,Male,Engineering,Part-time,Bachelors,24,2,0,8,17,60,7,52,16,87,77,82,71,3,9,9,51,Low
1336,39,Female,Engineering,Full-time,Bachelors,11,10,35,14,13,194,7,71,3,55,85,96,86,2,12,7,87,High
1337,48,Male,IT,Full-time,Bachelors,15,11,6,6,9,40,18,61,6,93,65,87,41,3,7,2,67,High
1338,28,Male,Science,Part-time,Bachelors,13,7,4,3,6,111,8,46,4,53,76,75,98,2,19,3,42,Low
1339,36,Female,Business,Full-time,Bachelors,20,5,23,12,6,12,16,61,15,54,97,71,60,12,9,10,92,High
1340,61,Female,Science,Part-time,Masters,28,3,27,12,6,108,7,60,5,89,86,80,67,14,9,8,87,Medium
1341,61,Female,Science,Full-time,Bachelors,10,10,16,0,4,92,11,45,13,55,79,83,91,11,7,4,81,Low
1342,30,Female,Engineering,Part-time,Bachelors,6,7,36,3,0,52,14,53,19,70,65,87,63,14,19,5,91,Low
1343,63,Female,Business,Full-time,Masters,15,8,19,3,13,38,3,55,1,77,94,96,63,14,14,11,44,Low
1344,48,Male,Science,Full-time,Bachelors,25,9,2,7,17,19,5,42,24,52,71,80,53,9,0,10,52,Low
1345,35,Male,Engineering,Part-time,PhD,18,1,36,3,12,149,15,48,17,72,62,92,76,10,14,1,51,Medium
1346,37,Female,Science,Part-time,PhD,18,14,25,3,7,55,4,86,17,57,63,61,66,10,16,8,98,Medium
1347,58,Female,Science,Full-time,Bachelors,7,5,14,12,7,39,12,60,12,68,63,96,63,12,12,7,40,Low
1348,49,Female,Engineering,Full-time,Masters,15,4,7,1,9,103,14,89,17,60,63,78,45,11,11,6,91,Medium
1349,31,Female,Engineering,Part-time,PhD,18,4,12,11,16,41,16,69,16,99,98,87,65,5,2,8,82,High
1350,28,Female,Engineering,Full-time,Masters,18,9,2,9,5,56,19,69,12,59,80,74,93,12,18,4,97,High
1351,32,Male,Business,Part-time,PhD,20,10,0,6,14,97,4,99,11,77,61,60,54,6,4,4,58,Medium
1352,44,Male,Science,Part-time,Bachelors,9,2,8,14,14,72,18,81,2,69,75,87,68,3,2,10,68,Medium
1353,53,Male,Engineering,Full-time,Masters,24,11,30,3,15,163,6,81,21,93,66,94,75,2,4,10,86,High
1354,34,Male,IT,Part-time,Masters,2,7,25,10,7,140,2,71,6,77,78,91,49,2,8,8,89,Low
1355,58,Female,Science,Full-time,Masters,8,13,16,5,18,32,12,62,0,78,92,87,67,10,5,10,87,Low
1356,50,Male,IT,Full-time,PhD,20,7,33,2,19,83,13,42,4,57,68,68,98,2,15,4,78,High
1357,27,Female,Business,Part-time,PhD,2,11,8,6,14,59,15,40,20,68,96,83,90,8,9,8,81,Low
1358,30,Female,Engineering,Full-time,PhD,11,4,12,5,2,173,12,42,0,97,76,63,48,10,15,0,64,Low
1359,29,Female,IT,Part-time,Bachelors,26,7,4,2,5,133,1,96,3,70,86,62,60,10,2,14,55,Medium
1360,29,Male,Business,Part-time,PhD,7,9,12,3,7,22,13,76,0,67,92,81,97,13,17,9,56,Low
1361,47,Female,Engineering,Part-time,Bachelors,6,14,0,9,15,135,19,46,12,58,71,99,49,13,10,9,67,Low
1362,33,Male,IT,Full-time,Masters,10,7,24,13,14,38,6,42,13,53,70,98,43,11,18,10,78,Low
1363,59,Male,IT,Part-time,Masters,5,2,3,4,12,175,4,75,14,90,72,84,93,14,14,7,82,High
1364,44,Female,Business,Full-time,Bachelors,11,1,35,8,19,130,13,88,16,74,90,81,43,2,10,2,99,High
1365,59,Female,Engineering,Part-time,PhD,1,8,9,13,14,99,8,42,11,83,72,93,45,2,9,12,88,Low
1366,42,Female,Engineering,Part-time,Bachelors,2,1,27,5,17,142,9,94,6,58,97,79,65,7,8,7,44,Medium
1367,41,Male,IT,Part-time,Masters,24,8,5,12,12,157,6,43,22,58,85,95,79,3,2,4,40,Low
1368,48,Female,IT,Full-time,Masters,1,3,26,3,7,87,13,70,18,67,90,96,55,6,8,1,42,Medium
1369,27,Male,IT,Full-time,Bachelors,19,11,11,10,13,118,13,41,22,60,81,98,47,2,17,8,87,Low
1370,56,Female,Engineering,Part-time,PhD,2,12,2,10,10,23,1,53,2,62,65,86,67,7,11,3,63,Low
1371,59,Female,Business,Part-time,PhD,21,1,32,6,5,145,16,76,17,87,79,91,55,2,15,13,68,Medium
1372,62,Male,Business,Full-time,Bachelors,20,9,9,1,0,57,19,70,3,58,80,88,77,4,3,13,54,Low
1373,37,Male,Engineering,Full-time,Bachelors,29,0,30,3,1,150,3,92,2,65,69,91,88,0,0,6,43,Low
1374,49,Male,Science,Full-time,PhD,23,3,14,4,12,33,12,41,11,53,78,83,40,11,12,11,83,Low
1375,33,Male,Business,Part-time,Masters,21,8,6,3,0,88,17,70,22,83,94,62,58,4,7,7,40,Low
1376,28,Male,IT,Full-time,Bachelors,24,11,35,3,3,171,2,86,11,56,85,86,89,5,5,6,88,High
1377,38,Male,Science,Part-time,PhD,4,8,13,10,1,60,18,82,16,64,66,68,56,6,7,10,95,Medium
1378,61,Female,Science,Full-time,PhD,12,3,13,12,19,12,4,61,5,87,96,99,88,1,18,5,54,Medium
1379,58,Female,Business,Part-time,Masters,22,8,2,8,15,137,0,49,14,60,67,82,67,1,11,14,63,Low
1380,35,Male,Science,Part-time,Masters,20,14,2,13,2,128,8,91,1,81,64,66,83,13,0,13,91,Medium
1381,27,Female,Science,Part-time,Masters,18,11,21,10,16,67,7,69,7,76,95,76,51,8,3,11,70,Medium
1382,52,Male,Business,Full-time,Masters,1,5,18,12,4,134,2,72,13,79,87,96,45,14,12,6,59,Low
1383,53,Female,Business,Full-time,Masters,1,0,34,1,7,122,1,58,4,66,62,66,46,14,16,3,49,Low
1384,33,Female,Science,Full-time,Bachelors,24,9,11,5,11,64,0,85,2,85,98,89,47,9,18,9,50,High
1385,27,Male,IT,Part-time,PhD,14,12,4,13,11,128,11,64,9,68,67,72,42,0,18,0,57,Low
1386,49,Male,Engineering,Part-time,Bachelors,4,13,9,7,0,129,12,97,6,56,74,77,88,1,4,4,73,High
1387,58,Male,Science,Full-time,Bachelors,5,5,32,7,0,89,9,94,10,92,86,90,60,1,10,7,67,High
1388,36,Female,Science,Part-time,Bachelors,11,8,12,10,14,51,16,93,14,94,95,81,47,14,6,9,77,Medium
1389,33,Male,IT,Part-time,Bachelors,24,12,34,6,16,30,10,85,1,70,75,73,67,12,2,5,55,High
1390,39,Female,Science,Part-time,Bachelors,28,1,31,9,1,19,4,40,4,77,85,77,98,14,10,4,63,Medium
1391,64,Male,Science,Full-time,Masters,23,5,10,10,16,66,8,71,10,52,63,94,69,9,16,1,78,Medium
1392,49,Female,Engineering,Part-time,Masters,13,1,37,3,19,162,12,64,7,63,71,76,71,6,10,9,94,High
1393,29,Female,Engineering,Full-time,PhD,16,3,23,6,8,65,19,80,12,51,76,78,50,5,14,11,90,Medium
1394,35,Male,Engineering,Full-time,Bachelors,24,14,34,12,11,47,10,56,10,78,85,90,59,8,18,4,51,Medium
1395,58,Female,Business,Full-time,PhD,13,7,18,9,3,95,3,53,16,67,90,98,89,10,7,9,89,Medium
1396,48,Female,Business,Full-time,Masters,24,12,5,5,12,122,10,84,14,86,74,95,55,14,15,11,81,Medium
1397,39,Male,Engineering,Full-time,Masters,22,6,39,10,3,198,8,52,0,94,93,74,64,6,14,2,46,High
1398,62,Female,Engineering,Part-time,Masters,26,10,34,5,6,121,6,77,18,94,88,88,99,2,2,12,75,High
1399,32,Male,Business,Full-time,Bachelors,2,11,3,1,13,184,15,78,15,73,68,99,84,2,5,14,56,Medium
1400,29,Male,IT,Full-time,Bachelors,16,12,32,7,8,63,4,41,18,95,73,75,48,0,2,1,88,High
1401,50,Male,Science,Full-time,Masters,6,8,12,7,0,55,5,71,12,61,95,92,90,7,4,13,43,Low
1402,42,Male,Science,Part-time,PhD,14,6,35,13,0,13,18,71,22,94,63,84,78,0,0,2,92,High
1403,30,Female,Engineering,Part-time,PhD,1,0,18,10,19,180,0,97,21,81,97,75,88,10,13,3,76,High
1404,61,Female,IT,Part-time,Masters,17,1,11,6,3,71,15,79,22,67,96,89,79,13,11,1,72,High
1405,37,Female,Business,Part-time,PhD,11,5,10,10,0,133,17,95,3,62,83,93,79,1,12,13,58,High
1406,52,Male,Engineering,Full-time,Masters,19,6,5,8,9,137,12,45,10,53,76,61,42,10,13,3,93,Low
1407,29,Female,IT,Full-time,PhD,3,2,11,7,1,121,0,64,17,72,72,99,55,11,11,3,65,Low
1408,37,Female,IT,Part-time,Masters,11,8,26,13,14,94,9,42,17,59,79,97,51,6,12,14,94,Medium
1409,41,Male,IT,Part-time,PhD,29,12,24,8,2,13,6,57,9,54,76,77,54,0,5,5,50,Low
1410,64,Male,Business,Part-time,Bachelors,5,14,2,14,8,74,4,89,16,99,86,64,92,11,14,11,70,High
1411,56,Female,Business,Part-time,Masters,17,6,2,8,16,71,12,93,12,89,92,99,43,3,15,4,40,Medium
1412,53,Male,Science,Full-time,Masters,26,13,19,5,12,99,15,94,24,63,80,65,62,8,8,6,79,High
1413,27,Male,Science,Part-time,PhD,22,5,27,1,2,129,19,77,13,83,76,71,66,7,7,10,75,High
1414,64,Male,IT,Part-time,Masters,7,12,22,11,3,139,13,82,6,77,81,71,78,14,4,6,68,Medium
1415,58,Male,IT,Part-time,Masters,10,5,2,6,3,146,10,42,9,57,84,71,82,10,14,2,64,Low
1416,64,Female,Business,Part-time,Masters,28,0,23,2,10,194,18,87,2,65,62,68,95,13,6,8,98,High
1417,51,Male,Science,Part-time,Bachelors,29,12,39,12,6,54,1,44,1,80,86,81,76,12,16,6,98,Medium
1418,37,Male,IT,Part-time,Bachelors,11,4,5,6,10,155,7,63,18,56,86,75,52,7,15,6,93,Low
1419,57,Male,Science,Part-time,PhD,3,9,19,8,10,121,12,93,6,52,71,63,82,11,10,1,86,Medium
1420,30,Male,Science,Full-time,Bachelors,20,2,10,9,9,185,6,73,4,78,74,62,76,2,6,14,88,Medium
1421,48,Male,IT,Full-time,PhD,10,6,31,13,4,51,11,86,2,85,97,75,79,4,10,11,57,Medium
1422,43,Male,Business,Full-time,Bachelors,27,9,26,9,12,50,7,87,24,88,79,73,60,14,1,9,42,Medium
1423,40,Male,IT,Full-time,PhD,10,2,20,1,11,98,15,78,1,53,81,97,68,3,1,2,57,Low
1424,64,Male,IT,Full-time,Bachelors,14,4,12,13,9,195,17,87,22,58,61,63,68,10,5,2,97,Medium
1425,52,Female,Science,Full-time,Bachelors,12,6,21,12,6,51,18,63,21,66,63,61,88,11,2,11,46,High
1426,57,Male,IT,Part-time,PhD,15,13,34,5,18,44,3,75,5,98,72,69,50,7,0,12,67,High
1427,37,Female,Business,Part-time,Masters,10,2,21,12,18,175,11,67,13,69,91,70,90,10,19,5,56,Medium
1428,49,Male,IT,Full-time,Masters,10,12,27,5,18,76,15,87,6,63,81,98,89,6,15,3,64,High
1429,60,Male,Business,Part-time,Bachelors,26,12,20,8,11,50,16,88,21,95,84,85,67,13,13,3,57,High
1430,51,Male,Business,Full-time,PhD,19,9,17,12,19,108,3,73,1,78,86,96,49,6,16,0,91,Medium
1431,62,Male,Science,Part-time,Masters,1,1,30,8,14,59,19,55,10,62,76,85,44,9,17,5,79,Low
1432,31,Female,Engineering,Part-time,PhD,24,5,36,14,4,113,8,75,20,85,65,63,95,9,3,7,82,High
1433,29,Male,Engineering,Part-time,Masters,29,7,20,12,13,95,4,46,2,94,75,85,96,6,2,7,42,Low
1434,55,Male,Science,Part-time,PhD,26,3,13,4,11,88,16,57,8,66,67,97,64,0,7,14,64,Low
1435,47,Female,IT,Part-time,Bachelors,10,8,24,13,10,54,16,45,7,96,92,87,72,12,3,7,46,Low
1436,34,Female,Science,Part-time,PhD,2,11,26,4,4,156,1,89,10,99,69,61,56,14,14,4,86,Medium
1437,56,Male,Business,Full-time,Masters,17,11,39,8,15,115,1,67,17,92,93,61,88,6,12,9,49,High
1438,54,Female,Engineering,Full-time,Bachelors,24,14,22,7,17,154,6,78,0,53,78,75,72,3,13,5,83,Medium
1439,63,Female,Science,Part-time,PhD,7,7,30,6,11,131,3,73,14,69,73,82,64,11,13,4,83,Low
1440,55,Female,IT,Full-time,Masters,7,6,28,7,4,86,12,90,3,60,62,82,72,2,4,3,90,High
1441,42,Male,Science,Part-time,Bachelors,20,13,29,5,15,65,19,80,3,91,82,72,94,12,4,11,58,High
1442,60,Male,Engineering,Full-time,PhD,27,6,25,2,11,121,10,68,9,71,99,80,93,11,12,3,54,High
1443,26,Male,Science,Part-time,Masters,9,2,19,6,1,102,2,43,10,94,70,98,48,12,3,3,60,High
1444,38,Female,Science,Full-time,PhD,22,13,37,7,5,50,1,53,17,57,65,84,66,14,17,3,60,Medium
1445,37,Male,Engineering,Part-time,PhD,2,5,18,14,3,179,15,44,22,77,93,96,64,4,5,13,97,Low
1446,53,Female,Business,Full-time,Bachelors,14,12,26,7,12,15,2,64,14,94,60,72,43,1,4,14,76,High
1447,36,Male,Business,Part-time,Bachelors,17,12,24,0,9,107,14,78,2,90,94,74,48,7,2,5,67,High
1448,63,Male,Engineering,Full-time,Masters,1,4,39,6,16,82,16,47,6,79,84,87,85,11,19,14,84,High
1449,26,Female,Science,Part-time,Bachelors,9,0,37,2,13,177,15,54,6,82,88,62,54,11,2,5,71,Medium
1450,56,Male,Engineering,Part-time,Masters,20,10,22,1,14,50,19,98,16,82,82,82,55,8,2,4,96,Medium
1451,37,Female,Business,Part-time,PhD,21,2,28,13,7,18,6,58,21,96,77,63,55,4,19,11,80,Medium
1452,51,Female,IT,Full-time,PhD,19,12,14,1,17,17,15,98,19,85,73,62,52,2,1,10,93,High
1453,41,Male,Science,Full-time,Masters,4,11,2,13,2,181,4,50,23,76,76,98,53,9,19,13,66,Low
1454,64,Female,Business,Full-time,PhD,28,0,9,14,16,195,1,59,15,69,61,67,61,6,17,10,98,High
1455,55,Male,Science,Part-time,Bachelors,8,3,14,13,6,113,0,94,15,82,90,84,60,0,9,8,62,Medium
1456,58,Male,Engineering,Full-time,PhD,13,9,15,7,12,22,12,75,7,74,78,71,48,9,6,7,49,Low
1457,48,Female,IT,Part-time,Bachelors,4,2,16,8,15,28,15,57,2,93,91,64,94,2,19,9,79,High
1458,59,Male,Engineering,Full-time,Masters,9,10,18,2,4,107,4,53,19,92,87,92,80,8,13,5,80,Medium
1459,30,Female,IT,Full-time,Masters,9,3,10,13,3,105,2,97,14,68,67,84,92,1,9,10,45,Low
1460,43,Male,Science,Full-time,PhD,22,8,4,2,9,58,14,77,0,96,99,84,43,10,19,8,63,High
1461,54,Male,Science,Full-time,PhD,18,2,4,5,12,109,15,64,9,70,98,94,49,13,15,4,57,Low
1462,31,Male,Engineering,Part-time,Bachelors,12,11,13,10,9,91,10,55,1,91,81,74,74,8,5,9,49,Medium
1463,34,Male,IT,Full-time,Bachelors,10,5,25,9,13,167,18,57,6,82,83,85,92,10,16,14,95,High
1464,56,Male,IT,Full-time,PhD,11,5,7,0,11,75,17,40,13,52,97,69,48,0,5,3,54,Low
1465,58,Female,Science,Part-time,PhD,7,6,4,5,0,100,8,79,15,63,61,83,90,3,17,13,84,High
1466,52,Female,Engineering,Part-time,Masters,9,8,6,11,19,68,7,40,14,64,78,94,87,11,9,5,82,Low
1467,39,Female,IT,Full-time,Masters,6,11,15,2,19,62,18,40,6,82,61,88,55,9,9,3,73,Medium
1468,54,Female,Science,Full-time,Masters,19,6,13,10,6,61,4,90,12,91,87,97,88,12,8,7,47,Medium
1469,61,Female,Business,Part-time,PhD,16,13,36,3,8,90,16,60,24,71,91,64,57,5,14,6,89,Low
1470,53,Female,Engineering,Part-time,PhD,15,0,3,8,7,168,4,99,9,50,78,83,49,14,10,4,74,Low
1471,46,Male,Business,Part-time,PhD,7,14,35,2,12,24,13,64,8,80,75,78,60,12,6,9,94,Medium
1472,28,Male,Engineering,Full-time,Masters,16,7,16,0,13,130,6,66,8,96,89,68,90,6,17,5,66,Medium
1473,44,Female,Science,Full-time,PhD,5,4,35,2,11,157,8,49,5,84,81,85,93,14,1,10,64,Medium
1474,56,Female,IT,Full-time,Bachelors,16,8,5,6,7,14,16,89,23,69,73,84,54,14,1,6,42,Low
1475,60,Male,IT,Part-time,PhD,1,9,15,12,17,144,2,51,24,81,60,94,54,2,12,1,60,Low
1476,28,Male,IT,Part-time,PhD,19,12,28,6,15,27,7,67,11,61,61,95,50,8,10,8,96,Medium
1477,51,Male,Engineering,Part-time,PhD,5,14,35,10,10,65,12,88,22,65,81,73,79,3,18,6,78,High
1478,41,Female,Science,Full-time,PhD,7,11,37,4,15,84,15,71,19,57,92,65,93,4,19,7,71,Low
1479,36,Female,Business,Part-time,PhD,19,4,36,13,13,105,9,72,19,63,74,91,87,7,0,13,89,Medium
1480,46,Female,Science,Full-time,Bachelors,22,4,9,0,2,123,17,47,21,67,81,85,81,14,16,4,92,Medium
1481,41,Male,Business,Part-time,Bachelors,5,14,35,10,1,110,2,81,13,79,99,74,80,11,19,14,60,Medium
1482,34,Male,Engineering,Full-time,PhD,29,11,28,7,2,182,11,65,19,82,98,90,86,14,17,2,48,Medium
1483,25,Female,Engineering,Full-time,Masters,17,11,13,9,3,37,15,81,6,83,70,96,93,13,7,1,89,High
1484,46,Female,Business,Part-time,PhD,26,13,3,7,4,59,17,89,7,93,63,97,76,2,12,14,40,High
1485,50,Male,Business,Full-time,PhD,22,1,35,9,9,11,16,80,7,98,66,96,59,7,3,1,43,High
1486,42,Male,Business,Part-time,PhD,8,11,12,11,19,77,6,96,7,83,80,78,73,13,18,2,43,High
1487,38,Male,Science,Full-time,Masters,29,10,17,9,1,137,18,41,1,98,66,73,61,13,2,0,88,Medium
1488,53,Male,Business,Part-time,Masters,29,2,32,12,11,86,7,74,13,56,63,95,87,10,5,0,65,High
1489,36,Female,Engineering,Part-time,Masters,1,9,20,9,4,33,16,73,9,55,71,96,57,0,5,6,94,Low
1490,60,Male,Engineering,Full-time,Bachelors,2,8,15,1,4,121,6,45,17,55,86,70,55,7,5,9,73,Low
1491,59,Male,IT,Part-time,Masters,15,6,14,9,0,185,0,70,17,71,76,86,44,13,7,11,66,High
1492,36,Male,Business,Full-time,Bachelors,20,0,4,2,3,182,7,62,17,57,79,61,40,12,16,10,54,Low
1493,31,Female,Science,Part-time,Bachelors,28,2,5,3,11,128,18,51,15,86,90,81,58,14,9,7,84,Medium
1494,53,Female,Science,Part-time,Masters,18,11,37,0,11,195,19,93,19,64,85,61,49,10,4,5,71,Medium
1495,35,Male,Science,Part-time,Masters,11,1,2,3,15,45,19,90,4,75,90,79,60,10,18,6,80,High
1496,57,Male,IT,Part-time,Masters,25,0,11,4,16,11,9,67,19,88,94,76,52,14,10,0,46,Low
1497,30,Male,Engineering,Full-time,Bachelors,10,8,35,2,9,136,11,54,4,52,68,63,94,11,9,13,83,Low
1498,39,Female,Science,Part-time,PhD,24,7,32,13,16,114,0,58,19,59,64,73,63,9,2,0,83,Low
1499,56,Female,Engineering,Part-time,Masters,24,14,35,10,16,27,3,51,22,52,67,66,62,7,9,8,53,Medium
1500,35,Female,IT,Full-time,Masters,4,4,32,14,17,186,3,89,9,79,80,74,62,5,1,4,62,Medium
1501,47,Male,Business,Full-time,Masters,5,10,30,9,1,17,8,87,16,95,75,89,50,4,8,6,86,High
1502,50,Female,Business,Full-time,Bachelors,4,11,20,1,3,195,14,41,12,71,75,75,86,8,4,5,40,Low
1503,58,Male,Business,Full-time,Bachelors,13,1,26,12,18,24,14,50,16,52,77,99,41,5,16,3,71,Low
1504,58,Male,Science,Full-time,PhD,25,0,26,5,10,154,6,83,17,50,87,61,45,14,5,0,80,Low
1505,53,Male,Business,Full-time,Masters,13,6,7,7,16,32,11,76,12,82,77,78,92,0,10,3,65,High
1506,28,Female,Science,Part-time,Bachelors,18,12,36,6,11,102,2,98,16,68,73,60,50,11,4,9,87,Medium
1507,41,Male,IT,Full-time,PhD,29,10,31,10,1,164,19,98,14,85,96,90,54,5,6,9,48,High
1508,59,Female,IT,Part-time,Masters,27,10,25,13,5,174,8,95,11,83,99,63,48,0,6,7,55,Medium
1509,37,Female,Science,Full-time,Bachelors,24,14,1,0,8,58,13,77,9,80,75,86,51,5,3,12,70,Low
1510,63,Male,Engineering,Part-time,Masters,2,1,11,3,4,73,12,64,12,92,80,84,97,2,9,11,41,Low
1511,39,Male,Business,Part-time,Masters,16,0,21,2,19,43,11,82,10,73,60,81,98,5,17,10,71,High
1512,53,Female,Business,Part-time,Bachelors,1,1,16,5,8,27,0,60,2,61,70,69,75,12,0,12,49,Low
1513,53,Male,Business,Full-time,Bachelors,26,6,6,8,7,73,18,81,21,62,70,92,67,5,13,0,64,Medium
1514,35,Female,Science,Full-time,Bachelors,19,6,3,8,19,115,15,75,9,65,61,89,62,0,5,1,57,Low
1515,56,Male,IT,Full-time,Masters,9,9,36,6,7,83,11,48,10,65,91,89,66,12,10,7,84,Low
1516,26,Female,Business,Full-time,Masters,28,5,37,14,5,111,9,51,5,69,78,75,63,8,13,14,73,Low
1517,38,Female,IT,Part-time,PhD,3,4,31,11,2,181,1,49,0,90,64,68,53,7,19,1,68,Low
1518,44,Female,Business,Full-time,Masters,25,2,10,8,4,26,17,98,5,97,62,76,93,14,2,10,84,High
1519,46,Female,Business,Part-time,Bachelors,7,13,0,7,8,196,12,85,4,76,87,94,74,14,15,12,63,High
1520,35,Male,Science,Part-time,Masters,29,11,24,4,6,150,5,44,6,88,85,74,66,1,15,11,42,Medium
1521,51,Male,Engineering,Full-time,PhD,10,2,23,8,3,61,11,72,21,62,82,87,60,1,6,14,54,Low
1522,27,Female,Science,Full-time,PhD,1,10,16,13,6,197,3,44,11,53,89,79,88,4,7,9,42,Low
1523,41,Female,Business,Full-time,Bachelors,10,12,7,6,4,179,0,55,11,81,67,92,52,14,3,8,94,Low
1524,52,Male,Business,Part-time,Bachelors,21,11,26,4,10,73,10,76,6,94,95,92,47,9,11,2,70,High
1525,53,Male,Engineering,Full-time,PhD,9,8,17,14,14,43,7,76,1,89,88,95,83,1,11,2,49,Medium
1526,45,Male,IT,Part-time,PhD,28,3,26,7,1,104,1,68,0,83,72,72,83,10,9,5,77,Medium
1527,40,Male,IT,Full-time,PhD,15,8,21,14,12,96,1,57,22,88,84,63,83,0,11,2,94,Medium
1528,61,Male,Business,Part-time,Bachelors,15,3,15,6,15,111,15,68,24,92,81,82,98,1,10,8,61,Medium
1529,44,Male,IT,Full-time,PhD,3,1,1,8,6,170,0,45,17,66,92,67,73,4,10,10,53,Low
1530,30,Female,Business,Full-time,PhD,25,14,4,9,7,149,3,92,11,73,96,72,81,10,14,7,48,High
1531,43,Male,Engineering,Part-time,Bachelors,5,3,17,0,5,85,5,57,6,78,66,83,62,14,5,3,57,Low
1532,29,Male,Engineering,Full-time,Masters,9,5,2,14,6,28,19,71,18,95,82,99,48,9,10,5,47,Medium
1533,27,Female,Business,Full-time,Masters,26,5,26,12,17,146,13,99,21,77,65,89,40,13,1,7,98,High
1534,25,Male,Engineering,Full-time,PhD,22,4,16,8,19,83,19,81,2,94,74,89,75,6,8,3,77,High
1535,62,Male,Science,Full-time,Masters,9,14,15,14,6,154,14,86,9,96,74,84,94,4,10,14,54,High
1536,39,Male,Science,Full-time,Masters,23,14,5,6,2,59,6,70,10,71,99,92,85,0,15,12,85,Medium
1537,58,Male,Engineering,Full-time,Masters,7,0,6,0,4,48,6,95,4,77,93,68,55,6,12,4,54,Medium
1538,59,Male,Business,Full-time,Masters,24,2,13,0,0,178,17,93,1,74,73,85,64,5,12,6,91,Medium
1539,49,Female,Business,Part-time,PhD,23,4,37,4,14,147,1,50,7,90,88,83,57,6,17,7,45,High
1540,48,Male,Engineering,Part-time,Masters,12,5,39,7,2,21,19,65,13,52,75,92,73,1,0,6,93,Medium
1541,36,Female,IT,Full-time,Masters,25,13,14,8,7,88,14,67,7,62,88,98,77,4,19,7,51,Low
1542,42,Female,Science,Full-time,Bachelors,27,0,32,11,8,24,0,66,22,80,82,84,42,13,9,3,81,High
1543,39,Male,IT,Full-time,PhD,9,13,26,5,14,37,16,58,5,62,69,74,59,7,18,0,58,Low
1544,40,Female,Business,Part-time,Bachelors,6,13,28,11,9,141,19,96,0,90,63,65,58,12,16,5,79,High
1545,51,Male,Business,Part-time,Bachelors,23,8,36,12,1,45,12,84,23,67,71,79,52,11,0,4,44,High
1546,32,Female,IT,Full-time,PhD,2,13,4,9,19,128,11,66,0,86,93,75,56,6,0,10,66,Low
1547,49,Female,Engineering,Part-time,Masters,9,2,28,11,4,74,14,98,7,92,63,80,53,5,16,14,49,High
1548,41,Male,IT,Full-time,Bachelors,28,9,31,7,18,107,4,59,10,83,79,74,69,12,14,3,82,Medium
1549,53,Male,IT,Full-time,PhD,29,12,5,14,12,56,6,42,17,66,87,98,61,5,1,1,91,Low
1550,32,Male,Science,Full-time,Masters,17,2,1,5,10,90,7,55,23,70,87,63,82,11,10,0,85,Medium
1551,39,Male,Science,Full-time,PhD,1,10,5,10,0,48,13,78,9,85,65,83,87,0,1,8,53,High
1552,51,Male,IT,Part-time,Bachelors,19,1,3,5,14,47,3,83,11,99,73,62,82,0,19,11,73,High
1553,31,Female,IT,Part-time,Masters,28,7,28,3,17,53,13,68,19,89,94,60,68,6,8,1,97,High
1554,27,Female,Business,Full-time,Masters,6,14,24,10,15,188,9,54,22,68,60,89,89,2,18,8,88,Low
1555,53,Female,Science,Part-time,PhD,5,12,8,4,8,106,15,69,15,61,78,72,41,5,1,5,54,Low
1556,48,Female,Science,Part-time,Masters,2,2,2,13,0,133,10,79,4,77,60,77,94,11,15,12,68,High
1557,27,Female,Business,Full-time,Bachelors,9,5,25,1,10,35,13,94,15,60,72,99,92,4,19,5,94,High
1558,44,Female,Engineering,Part-time,Bachelors,29,1,26,2,8,173,13,88,23,97,67,70,47,2,8,1,65,High
1559,39,Female,Science,Full-time,Bachelors,26,6,35,2,10,106,1,40,11,86,77,88,53,5,19,5,66,Low
1560,49,Male,Science,Full-time,PhD,14,12,31,13,12,10,12,68,5,77,94,63,73,2,3,2,42,Low
1561,54,Male,Engineering,Full-time,Masters,4,3,0,11,1,62,2,92,4,84,82,84,52,7,12,14,42,Medium
1562,38,Female,Science,Full-time,Masters,4,8,15,10,13,15,17,69,0,93,85,95,49,13,14,6,74,High
1563,31,Female,Science,Part-time,Masters,21,13,10,4,5,46,3,79,18,64,97,95,47,14,19,12,97,Low
1564,41,Male,Engineering,Full-time,Bachelors,15,9,25,13,7,11,18,85,9,65,79,99,46,6,1,9,99,Medium
1565,44,Male,Engineering,Part-time,Masters,8,8,39,4,17,132,15,71,24,94,61,87,52,8,19,3,74,High
1566,60,Male,IT,Full-time,Bachelors,26,6,0,5,15,78,3,49,13,56,85,67,65,4,17,8,89,Low
1567,33,Male,Business,Full-time,Masters,4,14,25,4,11,178,18,66,24,96,95,80,95,11,8,4,45,High
1568,62,Female,Business,Part-time,Bachelors,16,11,27,11,10,188,14,90,20,52,84,94,98,14,19,11,53,Medium
1569,46,Male,Engineering,Full-time,Masters,21,7,8,5,5,184,0,47,2,80,89,77,71,0,0,9,65,Low
1570,26,Female,Engineering,Part-time,PhD,28,2,21,7,2,22,15,90,5,61,77,84,58,10,2,2,42,Medium
1571,48,Female,Science,Part-time,PhD,4,10,7,14,13,78,14,75,4,57,66,64,95,9,16,0,72,High
1572,32,Female,IT,Full-time,Bachelors,16,4,26,1,1,75,15,81,16,74,86,67,54,14,10,0,81,Medium
1573,35,Male,IT,Full-time,Bachelors,22,1,38,3,10,68,19,94,17,93,70,82,93,10,7,12,52,Medium
1574,37,Male,Engineering,Full-time,Masters,12,9,18,12,2,77,0,74,11,99,96,62,41,7,11,3,68,Medium
1575,41,Female,Science,Full-time,Masters,16,6,24,5,17,68,16,75,4,84,67,96,93,1,10,14,48,High
1576,32,Female,Science,Full-time,PhD,19,12,37,11,0,126,4,87,8,61,70,90,76,5,12,9,71,Medium
1577,45,Female,Business,Full-time,Masters,8,7,20,4,0,19,4,95,11,70,83,88,58,0,14,9,61,Low
1578,42,Male,Business,Part-time,Bachelors,6,8,23,0,11,150,6,75,19,75,89,79,72,5,19,3,61,High
1579,54,Female,Science,Part-time,Bachelors,10,10,23,8,14,139,12,64,8,51,89,62,78,3,16,8,97,Low
1580,42,Male,Business,Full-time,Bachelors,5,10,18,2,4,24,11,59,2,63,74,82,89,4,11,7,96,Medium
1581,55,Female,Engineering,Part-time,Bachelors,29,6,1,1,5,55,3,91,0,95,94,99,72,14,18,3,73,High
1582,62,Female,Science,Part-time,Bachelors,18,9,13,8,15,194,3,84,21,53,98,80,40,9,19,5,49,Low
1583,56,Female,Business,Full-time,PhD,10,14,31,6,11,147,5,92,14,66,83,72,78,6,10,6,64,Medium
1584,35,Male,IT,Full-time,PhD,10,9,31,4,11,159,14,56,9,96,67,67,67,12,9,9,51,Medium
1585,49,Male,Science,Part-time,Bachelors,7,12,27,11,2,98,18,62,13,97,79,64,56,5,16,7,90,High
1586,57,Female,Science,Full-time,Masters,18,7,38,5,1,86,5,64,6,54,85,84,96,0,12,3,42,Medium
1587,62,Male,IT,Part-time,Bachelors,1,11,39,11,6,145,11,87,3,73,83,98,45,8,15,0,58,Low
1588,32,Female,Engineering,Full-time,PhD,7,8,39,10,1,158,13,99,4,98,81,96,91,5,19,4,72,High
1589,35,Male,IT,Part-time,Bachelors,21,5,12,3,6,159,17,96,19,56,64,64,83,5,19,13,97,High
1590,46,Male,Science,Part-time,PhD,1,11,11,0,10,119,11,88,15,72,74,67,59,8,16,0,86,Low
1591,48,Male,Engineering,Part-time,PhD,15,11,7,3,10,106,14,70,2,96,95,63,86,11,4,10,94,Medium
1592,41,Female,Business,Part-time,Bachelors,4,9,14,8,13,54,18,45,16,66,96,81,52,9,8,10,65,Low
1593,36,Male,Business,Full-time,Bachelors,28,1,25,0,2,100,7,74,12,61,88,73,51,4,3,3,52,Low
1594,56,Male,Business,Full-time,Masters,29,1,11,9,13,177,8,91,5,60,74,78,69,10,8,6,46,Medium
1595,39,Female,Science,Part-time,PhD,20,3,26,2,10,123,4,95,4,60,86,72,60,14,15,6,73,Medium
1596,40,Female,IT,Part-time,Masters,10,14,17,14,3,159,4,43,15,83,67,94,41,5,6,0,61,High
1597,46,Female,Engineering,Full-time,Bachelors,23,8,35,14,16,167,5,79,10,96,88,63,92,5,13,8,59,High
1598,52,Female,Business,Full-time,PhD,9,6,26,4,15,199,2,59,16,86,78,92,57,6,13,1,82,High
1599,44,Male,Engineering,Part-time,Masters,2,1,8,6,2,82,4,80,4,99,90,81,67,8,6,4,62,Medium
1600,57,Male,Science,Part-time,Masters,28,7,38,8,9,182,0,93,5,78,68,60,43,4,15,5,87,High
1601,34,Male,Business,Part-time,Masters,14,10,0,5,14,44,10,40,9,97,69,70,81,4,17,0,53,High
1602,64,Male,Science,Part-time,Bachelors,16,6,6,2,7,51,19,84,20,85,96,75,82,3,5,13,69,High
1603,56,Male,IT,Part-time,Bachelors,1,8,25,12,17,142,0,65,0,76,69,63,92,9,6,11,62,Medium
1604,57,Female,Science,Full-time,Bachelors,2,7,6,6,2,36,6,73,20,91,92,88,45,3,18,1,86,Medium
1605,26,Male,Science,Part-time,PhD,7,2,6,14,6,199,14,94,9,71,84,98,77,11,7,6,91,Medium
1606,57,Male,IT,Full-time,Bachelors,29,0,7,13,9,41,16,49,16,51,63,97,48,7,0,5,58,Low
1607,57,Male,Engineering,Full-time,PhD,10,1,15,3,19,145,7,62,2,96,64,83,59,12,16,5,78,Medium
1608,37,Female,IT,Full-time,Masters,22,14,2,2,8,112,1,90,1,85,82,68,84,1,18,5,80,High
1609,54,Female,IT,Part-time,Masters,20,13,9,13,13,94,12,88,16,97,98,67,69,9,6,13,75,High
1610,57,Male,Science,Full-time,Bachelors,1,12,6,6,13,155,11,63,3,79,64,73,76,7,17,13,45,Medium
1611,37,Female,Engineering,Full-time,Masters,13,1,20,10,10,87,4,52,1,56,67,74,77,1,5,6,62,Low
1612,50,Female,Business,Full-time,Bachelors,1,3,36,10,0,152,12,68,4,61,76,81,43,14,5,9,49,Low
1613,46,Female,IT,Full-time,PhD,5,5,30,6,3,163,5,97,9,52,60,96,77,0,0,11,74,High
1614,63,Female,Engineering,Part-time,Masters,16,3,22,3,5,190,14,85,0,66,71,74,89,9,9,13,60,Medium
1615,26,Female,IT,Part-time,Bachelors,15,8,26,11,4,53,10,66,0,90,94,65,99,12,7,13,71,Medium
1616,62,Female,IT,Full-time,Masters,17,3,21,6,2,41,3,70,3,81,73,60,52,14,6,11,99,High
1617,63,Female,IT,Full-time,Masters,28,5,38,10,1,37,0,82,6,57,77,79,94,8,8,8,69,High
1618,50,Male,IT,Part-time,Bachelors,23,5,26,13,2,176,14,49,13,72,69,95,74,10,0,8,72,Medium
1619,39,Male,Science,Part-time,Masters,16,9,3,1,8,169,11,70,13,87,74,61,69,7,10,14,45,Medium
1620,58,Female,Engineering,Part-time,Masters,13,10,23,0,18,86,8,78,17,79,92,65,81,5,2,1,44,High
1621,64,Male,Engineering,Full-time,Masters,11,9,22,11,18,27,10,49,1,64,78,61,43,3,17,1,94,Low
1622,35,Male,Engineering,Part-time,Masters,17,0,18,14,16,112,4,63,0,59,93,62,64,1,5,4,54,Medium
1623,27,Female,IT,Full-time,PhD,17,7,2,1,17,79,6,72,20,87,84,66,70,7,10,9,96,High
1624,30,Male,Science,Full-time,Masters,2,11,26,3,10,128,7,53,21,64,75,79,86,2,4,6,82,Medium
1625,33,Female,IT,Part-time,Masters,13,2,2,7,11,148,0,74,15,79,67,64,51,9,19,11,91,Low
1626,30,Female,IT,Full-time,Bachelors,14,14,27,2,2,169,0,84,21,95,94,84,54,3,3,13,64,High
1627,33,Female,Engineering,Part-time,PhD,11,12,16,14,17,157,2,73,17,75,80,97,92,4,7,11,52,High
1628,63,Male,IT,Full-time,Bachelors,28,5,30,9,5,106,7,56,15,94,78,77,96,12,9,14,45,Low
1629,55,Male,Business,Part-time,Bachelors,10,2,9,14,6,177,10,60,22,63,70,60,65,3,2,12,76,Medium
1630,56,Male,IT,Full-time,Bachelors,3,14,21,5,0,145,0,71,21,52,70,84,97,10,12,2,41,Medium
1631,36,Male,Business,Full-time,PhD,29,10,29,5,5,44,13,42,23,85,70,76,49,7,16,14,56,Medium
1632,32,Female,IT,Part-time,Bachelors,27,1,20,12,17,78,0,97,5,75,81,74,51,8,4,14,63,High
1633,32,Female,Science,Part-time,Bachelors,17,14,35,8,12,135,5,54,24,63,80,64,97,13,7,2,51,Medium
1634,52,Male,Science,Part-time,Bachelors,15,4,22,8,18,108,5,47,9,80,86,76,61,13,18,3,83,Low
1635,44,Female,Engineering,Part-time,Masters,9,13,37,3,6,87,2,71,1,63,77,80,79,13,17,2,93,Medium
1636,31,Female,IT,Full-time,Bachelors,10,0,11,8,18,158,9,77,6,89,99,82,92,0,0,14,53,High
1637,35,Male,Business,Part-time,PhD,8,8,24,14,8,120,11,65,20,59,97,69,60,1,3,14,46,Medium
1638,44,Female,Business,Part-time,PhD,21,10,19,14,2,161,9,69,16,58,89,76,74,11,17,2,93,Medium
1639,40,Male,IT,Full-time,Masters,13,6,6,12,11,26,1,48,2,95,92,60,46,3,13,7,65,Low
1640,28,Female,Business,Part-time,PhD,27,2,28,5,19,155,12,96,19,89,80,96,57,0,10,6,71,High
1641,30,Male,Science,Part-time,PhD,18,3,28,1,17,149,15,71,11,92,61,66,66,10,8,12,68,Medium
1642,46,Female,Business,Full-time,Masters,5,12,12,9,7,153,12,50,1,91,72,71,99,5,12,6,85,Medium
1643,50,Female,Engineering,Part-time,Bachelors,6,5,2,13,8,13,3,61,6,67,61,99,74,14,16,14,78,Medium
1644,27,Male,Science,Part-time,Masters,17,2,1,10,12,171,3,73,16,85,90,60,86,11,14,13,48,Medium
1645,38,Male,Science,Part-time,Bachelors,11,11,15,5,7,101,10,80,18,85,69,79,41,4,1,9,53,Low
1646,35,Male,Science,Part-time,Bachelors,20,6,29,1,9,183,13,57,11,61,82,90,71,12,5,1,92,Medium
1647,42,Male,IT,Part-time,PhD,16,12,37,7,16,84,2,58,8,99,81,63,54,6,6,10,56,Medium
1648,36,Female,IT,Part-time,Masters,9,5,5,3,6,168,18,93,13,89,88,85,84,11,1,8,88,High
1649,47,Female,Science,Full-time,PhD,2,8,6,4,16,162,0,57,1,52,92,71,63,5,12,12,64,Low
1650,36,Male,IT,Part-time,PhD,5,11,4,7,17,112,4,76,20,67,90,81,59,13,9,5,92,Medium
1651,37,Female,Business,Full-time,Bachelors,1,14,6,13,1,33,16,57,3,56,73,60,49,13,15,13,69,Low
1652,49,Male,IT,Full-time,PhD,4,4,33,10,2,74,0,51,18,80,69,60,95,2,8,2,84,Low
1653,43,Male,IT,Full-time,Masters,4,3,31,7,18,126,18,43,20,50,77,62,63,4,7,8,68,Low
1654,60,Female,Science,Full-time,PhD,22,2,12,11,0,162,18,86,15,80,70,71,63,2,14,8,98,High
1655,32,Female,Engineering,Part-time,PhD,26,9,29,13,9,165,3,82,21,62,98,80,63,8,6,5,68,Medium
1656,53,Male,Engineering,Part-time,Bachelors,25,0,24,11,13,173,18,66,16,78,62,72,79,1,18,12,57,Medium
1657,56,Male,Engineering,Part-time,Masters,3,2,20,5,12,91,5,90,1,52,61,72,87,5,3,9,70,Low
1658,42,Male,Business,Full-time,PhD,9,2,20,3,8,15,14,44,16,78,67,77,99,8,8,5,58,Medium
1659,30,Female,IT,Part-time,Bachelors,22,6,27,14,5,75,3,45,18,84,90,92,96,9,18,7,56,Medium
1660,42,Female,Engineering,Part-time,PhD,23,6,19,0,5,76,0,52,7,64,67,65,87,6,1,7,45,Medium
1661,43,Female,Science,Part-time,Masters,12,12,33,11,18,81,16,62,23,70,61,84,73,4,6,14,51,Low
1662,46,Female,Engineering,Full-time,PhD,10,14,4,6,9,104,10,81,19,68,81,82,80,1,18,5,77,Medium
1663,61,Male,Engineering,Full-time,PhD,2,11,17,7,2,57,16,95,5,77,64,83,79,1,5,6,42,High
1664,56,Male,IT,Part-time,Bachelors,11,0,38,8,17,79,0,64,11,53,66,96,50,3,14,3,86,Low
1665,27,Male,IT,Full-time,PhD,10,2,10,1,18,87,8,85,24,94,79,85,65,9,6,0,74,High
1666,52,Male,IT,Full-time,Bachelors,22,12,16,0,4,76,13,43,22,62,87,63,40,11,5,3,94,Low
1667,34,Male,Business,Part-time,Masters,6,7,21,3,10,185,14,91,17,64,72,97,69,1,0,7,86,High
1668,59,Male,Business,Full-time,PhD,18,8,36,12,9,74,0,94,1,97,61,94,92,11,13,11,72,High
1669,53,Female,Engineering,Full-time,Masters,2,6,19,4,16,181,1,71,18,88,91,70,82,12,0,12,92,High
1670,39,Female,IT,Part-time,Masters,2,6,5,9,3,72,17,83,23,81,85,95,57,12,5,7,68,Medium
1671,57,Male,Engineering,Full-time,PhD,10,11,33,11,17,55,17,54,9,52,62,84,65,7,17,13,42,Low
1672,31,Male,Science,Full-time,Bachelors,16,14,13,0,17,156,5,65,24,79,72,79,92,9,16,1,44,High
1673,36,Female,Science,Full-time,Masters,12,10,22,4,0,82,19,81,2,69,80,60,86,6,1,14,98,High
1674,54,Female,IT,Full-time,Masters,1,7,19,5,13,80,7,50,24,51,96,89,95,6,7,6,53,Low
1675,45,Female,IT,Full-time,PhD,21,5,12,2,7,119,0,48,11,99,82,63,48,2,1,12,75,Low
1676,55,Female,Science,Full-time,PhD,8,10,31,11,1,187,14,50,15,74,66,82,48,6,15,0,93,Medium
1677,48,Male,IT,Full-time,PhD,16,2,25,14,18,72,9,41,11,60,76,94,40,7,3,1,67,Low
1678,44,Male,Business,Full-time,PhD,18,14,13,6,14,50,3,84,7,50,87,81,46,4,1,13,80,Low
1679,61,Male,Business,Part-time,PhD,13,0,35,13,1,16,9,66,4,97,89,90,83,0,4,7,71,High
1680,28,Male,IT,Part-time,PhD,15,6,7,5,3,146,10,93,10,98,64,60,98,14,16,10,57,High
1681,52,Male,Science,Part-time,Bachelors,21,0,39,3,0,13,4,97,9,97,83,63,95,0,1,9,81,High
1682,44,Female,Engineering,Part-time,Masters,12,0,21,2,18,98,8,65,2,59,66,78,81,11,13,14,79,Medium
1683,48,Male,IT,Full-time,Bachelors,8,8,21,4,9,186,4,47,22,66,93,89,90,10,19,12,52,Low
1684,56,Female,IT,Part-time,Bachelors,10,12,15,2,0,143,10,60,8,79,92,60,55,13,6,12,41,Low
1685,60,Male,Engineering,Part-time,PhD,14,9,26,9,19,91,2,60,11,84,86,78,77,3,14,3,91,High
1686,58,Male,IT,Full-time,Masters,5,6,9,8,14,30,3,47,5,99,73,80,50,1,17,13,64,Low
1687,60,Male,Engineering,Full-time,Bachelors,18,12,24,8,3,152,9,40,18,68,78,81,90,6,12,2,59,Low
1688,26,Male,Science,Full-time,PhD,19,10,30,5,6,137,6,77,15,95,97,61,64,12,11,13,46,Medium
1689,39,Male,Business,Full-time,PhD,15,12,20,12,6,193,0,97,20,83,71,65,68,2,1,1,50,Medium
1690,58,Female,Science,Full-time,Masters,6,3,26,10,17,114,5,52,22,81,62,80,58,11,11,10,44,Medium
1691,60,Female,Business,Part-time,Bachelors,27,5,16,5,12,113,7,48,23,61,66,92,57,3,5,5,68,Low
1692,30,Female,Engineering,Full-time,Bachelors,11,0,32,11,9,77,16,67,13,92,94,78,96,8,0,3,57,High
1693,63,Male,Business,Part-time,Bachelors,21,6,30,13,7,169,6,45,3,66,84,86,86,1,0,2,47,Low
1694,36,Male,Science,Part-time,PhD,11,11,25,3,9,119,0,86,17,55,74,96,98,11,14,2,66,Medium
1695,27,Female,Business,Full-time,Masters,20,14,20,3,13,166,8,62,9,62,78,88,68,7,15,9,97,Medium
1696,42,Male,Engineering,Part-time,Masters,20,5,35,1,13,75,10,87,17,88,78,87,55,0,6,2,81,High
1697,64,Male,Business,Part-time,Bachelors,21,3,0,9,19,171,18,75,11,71,82,93,85,2,13,11,41,Low
1698,45,Female,IT,Full-time,PhD,18,6,3,3,10,36,1,99,18,60,70,60,79,3,18,7,74,High
1699,39,Male,Science,Part-time,Bachelors,25,2,3,7,5,69,10,97,7,56,80,84,47,13,18,8,65,Low
1700,57,Female,IT,Part-time,Masters,18,0,25,12,0,127,2,56,0,94,93,80,73,5,12,8,62,Medium
1701,59,Male,Engineering,Part-time,PhD,10,3,3,9,18,176,16,48,13,94,98,93,45,0,11,4,44,Low
1702,50,Female,Business,Full-time,Bachelors,2,2,8,1,6,53,9,51,22,70,66,85,84,13,0,0,55,Low
1703,32,Male,IT,Full-time,Bachelors,26,0,29,8,17,45,2,61,5,50,86,95,84,7,11,9,81,Medium
1704,60,Male,IT,Full-time,PhD,9,1,3,13,2,28,2,90,13,79,82,94,92,1,3,4,50,Medium
1705,54,Female,Business,Part-time,Masters,14,10,4,0,19,100,6,91,1,68,97,82,69,4,14,0,58,Medium
1706,47,Male,Business,Full-time,PhD,19,4,22,12,10,54,1,97,8,96,79,76,83,5,15,8,55,High
1707,38,Male,Science,Part-time,Bachelors,10,14,15,1,4,158,0,51,11,95,86,71,73,7,14,12,71,Medium
1708,38,Female,IT,Full-time,Bachelors,23,7,21,14,18,160,6,93,4,78,67,79,60,2,7,9,51,High
1709,26,Male,IT,Part-time,Bachelors,4,0,36,1,1,164,19,45,1,84,96,98,91,11,18,12,41,High
1710,61,Female,Engineering,Full-time,Bachelors,29,3,7,10,3,107,10,83,18,69,62,86,96,8,14,14,82,High
1711,29,Male,Science,Full-time,Masters,29,13,32,12,9,28,5,48,6,85,61,96,51,11,17,7,61,Medium
1712,62,Male,Engineering,Part-time,Masters,6,3,37,14,1,50,3,91,6,88,81,79,88,4,10,6,65,High
1713,38,Male,IT,Full-time,Bachelors,14,4,15,13,7,35,18,76,9,50,65,70,45,7,8,1,72,Low
1714,63,Male,Engineering,Part-time,Masters,4,6,4,5,0,37,18,92,16,72,98,87,78,3,0,1,63,Medium
1715,49,Female,IT,Full-time,Masters,26,12,15,14,5,73,13,42,13,80,99,61,99,11,8,13,44,Medium
1716,44,Male,IT,Full-time,Masters,15,11,6,13,10,77,2,73,10,84,95,83,45,8,11,3,60,Low
1717,26,Female,Engineering,Part-time,Bachelors,16,7,0,6,9,89,3,47,19,96,83,75,92,7,1,8,85,High
1718,63,Male,Engineering,Part-time,PhD,7,14,8,12,12,60,7,49,5,94,71,71,99,4,10,13,57,Medium
1719,30,Male,Business,Part-time,PhD,17,5,17,14,0,111,17,86,7,71,76,75,43,2,13,8,78,Medium
1720,41,Male,Business,Full-time,PhD,19,0,2,14,1,185,3,80,18,95,81,95,92,0,1,13,44,High
1721,49,Male,Business,Part-time,Bachelors,29,6,23,2,2,19,10,81,18,56,78,61,48,14,14,7,47,Medium
1722,52,Female,IT,Full-time,Masters,19,2,27,10,8,176,15,82,23,82,68,84,44,4,17,10,60,Medium
1723,26,Female,Engineering,Part-time,Masters,17,14,9,8,4,109,2,48,23,94,71,88,49,4,13,14,86,Medium
1724,59,Female,Science,Part-time,Bachelors,6,12,8,4,9,131,6,53,23,85,91,87,86,3,11,4,96,Medium
1725,61,Female,IT,Part-time,Bachelors,29,12,12,4,9,156,1,76,16,93,90,69,47,9,9,13,44,High
1726,29,Male,Science,Part-time,PhD,11,12,34,10,11,73,0,66,23,56,76,82,62,9,13,6,52,Low
1727,25,Female,Engineering,Part-time,PhD,16,5,22,11,17,133,0,80,23,76,82,91,43,7,14,11,58,Low
1728,64,Female,IT,Part-time,Bachelors,25,14,16,3,0,28,5,71,17,51,69,90,97,2,4,8,68,Medium
1729,36,Male,Science,Full-time,PhD,8,7,6,8,2,85,18,43,11,66,89,78,76,11,1,2,41,Low
1730,60,Male,Science,Part-time,Masters,11,6,15,7,4,71,6,41,8,50,78,74,46,9,5,3,76,Low
1731,47,Male,Business,Full-time,Bachelors,7,9,39,11,16,150,4,90,22,95,85,92,45,8,11,1,65,High
1732,55,Male,Business,Part-time,Bachelors,26,5,35,3,7,34,17,72,23,79,85,76,84,2,1,8,68,Low
1733,35,Female,Business,Part-time,Masters,24,8,19,3,16,98,12,60,15,71,70,95,90,3,3,6,97,High
1734,34,Female,IT,Part-time,Masters,22,8,23,1,8,101,0,40,17,77,79,79,81,5,6,5,44,Medium
1735,27,Male,Engineering,Full-time,Masters,25,0,4,8,5,51,9,83,15,82,63,68,54,8,15,4,71,Medium
1736,38,Male,Engineering,Full-time,PhD,19,0,5,2,16,126,8,50,15,75,71,97,74,9,0,11,77,Medium
1737,40,Male,Business,Part-time,Bachelors,26,0,27,3,7,48,16,40,3,84,84,62,89,1,0,6,87,High
1738,34,Female,Business,Full-time,PhD,10,7,4,13,6,167,0,85,22,60,69,61,71,1,13,2,41,Low
1739,53,Female,Business,Part-time,Masters,9,11,38,6,6,142,0,98,21,56,81,77,53,1,10,4,44,High
1740,34,Male,Science,Part-time,PhD,4,12,37,9,14,90,6,50,6,77,66,82,74,4,11,1,86,High
1741,36,Male,Business,Full-time,Masters,23,13,1,7,6,155,3,46,0,74,83,78,50,5,10,4,72,Low
1742,54,Female,Science,Full-time,PhD,15,11,38,7,7,116,11,41,23,90,61,66,49,2,5,6,90,Medium
1743,25,Male,Engineering,Full-time,PhD,13,13,20,3,8,120,15,54,22,80,91,94,56,2,11,14,74,Low
1744,29,Male,IT,Full-time,Masters,25,9,39,14,14,30,13,47,19,52,80,79,52,1,11,10,58,Low
1745,44,Female,IT,Part-time,PhD,2,6,36,6,1,59,9,93,0,82,66,79,96,10,9,9,54,Medium
1746,32,Male,IT,Full-time,Bachelors,2,2,17,9,6,130,13,91,7,83,67,78,73,5,7,10,74,Medium
1747,36,Female,IT,Full-time,PhD,16,12,11,0,14,143,6,96,22,70,97,75,99,0,19,6,47,High
1748,25,Male,Science,Part-time,PhD,9,1,16,5,17,59,3,86,7,86,80,97,84,8,18,8,86,High
1749,44,Male,Science,Full-time,Bachelors,28,3,36,5,17,124,1,65,9,98,67,80,90,14,6,2,40,High
1750,52,Female,Business,Full-time,Masters,13,2,37,5,9,10,17,79,0,68,84,88,44,10,13,7,77,Medium
1751,61,Female,Science,Full-time,Bachelors,3,6,14,11,17,194,15,81,20,86,87,97,87,9,3,4,61,High
1752,61,Male,Business,Full-time,PhD,9,9,6,1,0,39,8,90,24,70,87,83,49,3,0,6,56,Medium
1753,36,Female,Business,Part-time,Masters,13,14,13,7,6,195,4,74,20,63,90,96,71,13,7,0,55,Medium
1754,61,Male,IT,Part-time,PhD,21,14,0,13,2,116,8,91,13,59,95,88,51,1,4,0,84,Medium
1755,52,Male,Science,Full-time,PhD,22,7,37,14,13,189,7,85,13,56,84,90,91,12,7,3,40,Medium
1756,39,Female,Science,Full-time,Bachelors,2,5,2,14,11,174,19,80,9,78,96,98,52,11,7,4,42,Low
1757,30,Male,Business,Part-time,Bachelors,8,2,36,4,13,57,15,80,18,89,97,71,60,5,6,12,95,High
1758,44,Male,Business,Full-time,Masters,27,5,30,4,3,96,19,60,24,57,71,89,87,4,18,9,45,Medium
1759,38,Female,Engineering,Full-time,Masters,9,14,12,1,12,138,17,99,15,88,96,63,93,2,3,2,91,High
1760,26,Female,Engineering,Full-time,Masters,16,1,17,3,15,28,3,96,8,62,96,89,92,12,19,5,92,High
1761,33,Male,Business,Full-time,PhD,2,14,16,11,15,55,15,77,19,95,90,64,97,2,5,2,97,High
1762,61,Female,Engineering,Full-time,Bachelors,6,11,16,8,4,139,3,47,15,68,77,75,72,4,11,4,42,Low
1763,44,Female,Engineering,Full-time,Bachelors,22,6,10,8,19,65,5,82,19,60,85,86,93,3,17,10,86,Medium
1764,50,Female,Business,Full-time,Bachelors,8,13,19,5,5,154,2,71,7,51,65,63,80,4,11,12,69,Low
1765,53,Female,Business,Full-time,Masters,26,10,9,10,5,101,17,47,6,98,68,67,87,1,17,14,86,High
1766,25,Male,Science,Full-time,Bachelors,28,9,28,14,17,91,14,83,10,55,70,67,90,10,2,0,50,Low
1767,59,Male,Business,Part-time,Bachelors,5,13,33,8,5,88,7,49,20,78,90,76,86,0,9,2,66,High
1768,30,Male,Business,Part-time,Bachelors,9,6,16,3,6,159,17,62,5,90,61,62,89,4,6,6,61,Low
1769,61,Female,IT,Part-time,Masters,1,3,12,14,15,114,2,43,14,54,88,86,93,10,2,2,45,Low
1770,29,Female,Science,Full-time,Bachelors,9,12,38,10,8,36,5,87,18,90,64,93,71,0,18,4,77,Medium
1771,57,Female,Science,Full-time,Masters,10,7,26,0,12,64,14,91,13,79,82,80,51,2,12,6,80,Low
1772,38,Female,Science,Part-time,Bachelors,23,3,25,1,11,169,11,77,14,88,95,83,85,7,3,12,85,High
1773,36,Female,IT,Full-time,Bachelors,4,6,27,12,18,69,4,69,5,85,66,88,74,14,9,1,70,High
1774,44,Female,Business,Part-time,Bachelors,3,3,12,0,0,118,6,80,23,76,72,98,75,10,5,2,97,Medium
1775,48,Female,Science,Full-time,Masters,10,12,11,7,7,165,14,62,9,99,69,65,77,7,0,3,82,High
1776,58,Male,Science,Part-time,Masters,15,11,27,8,3,165,6,44,13,67,95,73,87,8,5,4,95,Medium
1777,49,Male,Engineering,Part-time,Bachelors,11,4,1,9,18,129,12,60,15,98,75,73,67,0,7,11,45,Low
1778,53,Female,Science,Part-time,PhD,14,6,36,11,4,162,2,95,12,85,74,96,52,3,14,8,89,Medium
1779,63,Female,Business,Full-time,Masters,6,12,33,5,16,94,12,45,10,65,78,83,51,5,7,8,59,Medium
1780,55,Female,Business,Part-time,Masters,12,13,22,1,2,95,2,88,24,54,80,72,61,6,5,3,86,Low
1781,47,Male,Engineering,Full-time,Bachelors,13,13,28,5,18,126,1,56,2,58,94,60,83,4,18,13,93,Low
1782,62,Male,Science,Full-time,PhD,17,12,34,8,0,163,3,64,7,83,74,71,41,12,13,8,80,High
1783,44,Female,Science,Full-time,Bachelors,16,9,10,11,0,117,16,63,2,83,73,83,68,6,1,3,50,High
1784,47,Female,Science,Full-time,Masters,3,2,32,2,19,84,5,61,1,85,88,96,52,10,6,1,41,Low
1785,40,Male,IT,Full-time,Masters,2,9,10,8,8,128,10,52,20,80,64,79,74,14,7,9,70,Medium
1786,32,Male,Science,Full-time,Bachelors,11,4,8,1,4,154,5,56,13,69,77,65,52,9,9,0,77,Low
1787,45,Male,Business,Full-time,Bachelors,29,10,13,10,6,16,1,53,19,66,60,71,96,7,12,6,65,High
1788,25,Male,Business,Part-time,PhD,9,13,8,4,5,193,16,73,20,69,86,80,73,9,19,3,66,Low
1789,32,Female,IT,Part-time,PhD,3,2,38,10,16,157,2,65,21,77,86,62,58,5,0,11,97,Medium
1790,53,Male,IT,Part-time,Masters,29,4,2,1,16,175,11,58,14,70,84,86,48,10,8,7,97,Medium
1791,56,Male,Science,Full-time,PhD,18,13,28,6,12,84,13,65,2,68,80,95,91,3,9,7,94,Medium
1792,62,Female,Engineering,Full-time,PhD,20,2,18,10,11,67,1,99,0,52,73,76,70,0,19,11,85,High
1793,29,Male,IT,Full-time,Masters,15,10,35,9,3,25,4,42,14,79,79,74,72,10,1,7,85,Medium
1794,46,Male,IT,Full-time,Masters,14,9,31,14,7,188,9,41,19,54,87,98,66,4,19,5,70,Low
1795,58,Male,Science,Part-time,Masters,2,10,6,8,4,36,9,67,21,91,80,63,84,9,10,8,63,Medium
1796,25,Female,Science,Full-time,Masters,17,6,27,6,4,60,8,41,1,55,82,76,41,9,4,13,52,Low
1797,50,Male,IT,Part-time,Bachelors,22,12,17,11,12,84,12,61,17,52,70,97,54,9,17,3,64,Low
1798,34,Female,Engineering,Full-time,Masters,26,0,4,4,10,153,9,46,0,98,61,70,58,3,6,4,76,Medium
1799,54,Female,IT,Part-time,Masters,8,8,22,14,7,96,5,43,8,91,79,71,96,4,2,3,80,Medium
1800,42,Male,Science,Full-time,Masters,10,8,21,3,7,197,10,88,2,73,83,91,70,3,15,4,64,High
1801,41,Male,Science,Part-time,PhD,26,4,25,11,0,132,3,77,1,93,84,86,96,8,14,1,68,High
1802,50,Male,IT,Full-time,Masters,18,8,11,3,12,85,13,78,3,50,96,86,55,2,7,4,70,Low
1803,32,Male,Engineering,Part-time,Bachelors,25,9,39,14,4,49,16,59,15,99,81,99,82,2,19,9,82,High
1804,64,Female,IT,Full-time,Bachelors,29,12,18,9,7,76,19,45,21,85,83,88,54,14,4,7,78,Low
1805,36,Male,IT,Part-time,Masters,19,14,0,7,16,139,1,48,0,64,74,68,45,9,2,8,41,Low
1806,51,Male,Science,Part-time,Bachelors,8,5,2,9,12,111,9,91,8,90,71,62,53,6,4,6,95,Medium
1807,32,Male,Engineering,Full-time,PhD,28,14,26,12,8,185,2,99,24,87,90,98,66,1,8,6,51,High
1808,49,Female,Business,Part-time,Masters,8,4,17,9,1,189,6,70,7,93,90,88,77,8,15,13,44,Medium
1809,28,Male,Engineering,Full-time,Bachelors,3,12,29,13,18,161,6,65,5,67,89,80,58,7,13,5,66,Low
1810,57,Male,IT,Full-time,Bachelors,3,2,1,9,19,102,0,75,19,72,79,94,76,11,17,1,95,Medium
1811,25,Female,IT,Full-time,Masters,12,10,4,9,16,119,7,65,17,96,67,69,82,13,6,9,73,Medium
1812,43,Female,IT,Part-time,Bachelors,22,10,28,9,6,91,0,67,15,78,89,82,43,5,14,11,53,Low
1813,55,Male,Engineering,Part-time,Masters,17,7,32,0,2,87,7,44,7,90,94,98,97,13,7,10,46,Medium
1814,40,Male,Science,Full-time,Bachelors,4,3,19,4,18,11,13,90,22,71,80,84,65,12,2,9,76,Medium
1815,38,Male,IT,Full-time,PhD,17,9,29,13,18,74,13,49,3,73,99,83,99,8,10,12,75,Low
1816,29,Male,IT,Part-time,Bachelors,14,12,4,1,8,29,1,57,2,94,87,79,48,10,19,8,49,Medium
1817,50,Male,Engineering,Part-time,Bachelors,19,14,20,12,9,43,7,54,14,97,98,74,80,2,17,13,68,High
1818,52,Female,Business,Part-time,Masters,9,12,14,10,13,50,18,96,5,62,76,80,88,3,14,4,55,Medium
1819,26,Female,Business,Full-time,Bachelors,21,2,19,8,17,178,9,72,0,82,71,71,79,6,9,5,77,High
1820,30,Male,Science,Full-time,Masters,12,12,7,6,14,32,6,44,17,99,77,77,54,0,2,0,60,Low
1821,33,Male,Science,Full-time,PhD,5,5,30,9,0,47,12,76,22,71,87,82,80,12,14,4,77,Medium
1822,57,Female,IT,Full-time,Masters,11,7,11,7,5,181,14,79,10,84,62,88,76,0,5,5,80,High
1823,49,Male,Engineering,Full-time,Masters,20,12,20,5,14,76,10,61,2,66,74,95,43,0,10,9,72,Low
1824,37,Male,IT,Part-time,Bachelors,3,14,29,8,5,71,13,61,12,71,75,64,65,11,10,10,68,Low
1825,33,Male,Science,Full-time,PhD,21,8,26,5,17,149,10,61,16,54,81,98,91,7,18,1,87,High
1826,37,Male,Engineering,Part-time,Masters,15,13,25,6,0,39,1,91,17,74,90,85,57,12,2,6,98,High
1827,55,Male,Engineering,Part-time,Bachelors,14,5,32,6,2,96,1,54,13,55,90,98,80,5,12,13,56,Medium
1828,35,Female,Science,Full-time,Bachelors,11,4,25,8,16,178,11,56,24,66,60,70,92,2,7,3,52,Medium
1829,28,Male,Business,Part-time,Masters,20,11,25,10,15,157,14,90,6,80,70,70,98,9,10,4,45,High
1830,58,Male,Business,Full-time,Bachelors,8,10,35,7,7,127,16,84,6,66,65,77,74,6,10,2,41,Low
1831,62,Male,Engineering,Part-time,Masters,4,1,39,12,16,15,13,97,13,82,82,71,93,5,12,4,47,High
1832,28,Female,IT,Full-time,Masters,27,1,0,0,7,84,15,67,23,88,68,75,80,4,2,11,94,High
1833,62,Female,Business,Full-time,Masters,12,8,14,3,16,141,7,98,14,97,75,86,80,2,5,3,93,High
1834,43,Female,IT,Part-time,PhD,8,1,0,6,8,102,16,61,11,86,97,95,99,13,9,11,71,Medium
1835,30,Female,Business,Full-time,Masters,6,1,10,10,11,19,4,60,11,97,78,76,68,3,18,13,75,High
1836,58,Male,Business,Part-time,Bachelors,15,2,1,7,18,60,11,81,7,53,72,80,92,14,11,9,48,Low
1837,42,Female,IT,Full-time,PhD,12,2,0,6,3,102,5,56,15,92,91,96,63,12,13,5,62,Low
1838,37,Male,Science,Full-time,Bachelors,16,3,30,11,10,47,17,44,8,63,95,90,43,12,10,1,46,Low
1839,47,Male,Business,Full-time,PhD,16,6,15,2,3,138,4,57,1,62,68,94,60,10,9,2,70,Low
1840,43,Female,Business,Part-time,PhD,27,8,21,14,13,145,5,56,13,76,96,86,78,10,2,11,60,Low
1841,35,Female,IT,Part-time,PhD,21,1,17,3,13,111,8,43,23,73,90,82,46,0,12,14,40,Low
1842,25,Female,Science,Full-time,PhD,20,3,16,11,5,90,14,93,23,76,90,91,62,8,17,9,85,High
1843,48,Female,Business,Part-time,Bachelors,20,8,29,6,16,92,9,46,15,57,78,76,79,4,12,0,41,Low
1844,31,Female,Business,Full-time,Masters,28,13,9,7,1,170,16,64,4,96,61,70,98,1,13,6,79,High
1845,49,Male,Science,Part-time,Bachelors,4,1,34,6,7,152,18,76,4,99,91,60,60,11,13,8,50,Low
1846,45,Female,Business,Part-time,Masters,11,9,20,5,3,40,11,79,19,88,93,87,40,10,6,1,76,Medium
1847,39,Female,Science,Full-time,Bachelors,13,10,15,8,9,30,8,79,20,70,60,77,98,8,11,6,57,High
1848,25,Female,Science,Full-time,PhD,29,12,5,8,6,140,14,82,17,90,80,79,80,11,3,14,83,High
1849,36,Male,IT,Full-time,PhD,9,0,2,10,3,135,13,48,17,60,62,66,64,6,15,2,92,Low
1850,31,Female,Engineering,Full-time,Masters,4,9,20,12,15,44,0,58,4,80,86,96,70,13,18,4,63,Medium
1851,39,Male,Science,Full-time,Masters,12,7,12,6,13,178,16,90,10,76,66,75,94,13,9,5,91,Medium
1852,45,Female,IT,Part-time,Bachelors,9,8,17,7,15,196,0,48,12,91,92,98,83,7,15,7,58,Medium
1853,43,Female,Engineering,Part-time,Masters,13,6,23,5,8,153,12,62,2,95,68,82,77,12,4,3,44,High
1854,53,Male,Business,Full-time,Bachelors,16,7,26,0,3,193,7,70,16,97,89,91,84,2,15,1,68,High
1855,49,Female,Engineering,Full-time,Masters,26,3,3,0,5,54,12,71,24,76,77,76,44,13,0,2,78,Low
1856,57,Male,Science,Full-time,Masters,6,3,21,5,0,68,15,91,17,57,85,78,92,6,4,7,41,Low
1857,56,Male,Science,Part-time,Masters,10,12,23,1,6,187,1,70,13,82,79,93,70,10,12,6,56,Low
1858,59,Male,Science,Full-time,PhD,13,1,39,13,0,21,12,56,11,61,97,73,90,0,12,5,84,Medium
1859,62,Female,Science,Full-time,PhD,7,7,9,7,18,149,17,87,13,84,90,62,97,5,2,4,50,High
1860,50,Female,Science,Part-time,Bachelors,28,14,1,0,7,42,2,78,17,83,67,98,40,9,16,10,76,Medium
1861,35,Female,IT,Part-time,Masters,26,10,39,12,2,186,12,97,19,65,82,84,93,5,18,4,52,High
1862,59,Male,Science,Part-time,Bachelors,19,1,5,1,0,30,18,61,1,85,84,70,95,10,4,0,68,High
1863,32,Female,IT,Part-time,Masters,24,8,17,7,0,69,12,74,6,51,60,74,69,9,4,13,94,Low
1864,38,Male,Business,Full-time,PhD,19,13,16,11,6,61,18,69,14,61,77,78,57,11,14,5,71,Low
1865,34,Female,Science,Part-time,PhD,17,3,37,5,12,191,3,92,9,76,78,74,47,5,9,12,84,High
1866,26,Male,Science,Part-time,Masters,13,0,22,11,0,176,18,90,14,66,65,74,95,2,11,8,79,High
1867,33,Male,Engineering,Full-time,Masters,13,12,29,9,15,186,17,79,16,69,76,97,65,5,10,7,82,Medium
1868,27,Male,Business,Full-time,PhD,26,3,20,1,13,132,5,76,10,70,67,74,79,13,0,11,47,Medium
1869,45,Female,Science,Full-time,PhD,28,2,9,1,3,115,18,65,1,79,68,68,97,2,2,9,49,High
1870,50,Male,Science,Part-time,Bachelors,21,11,12,10,11,109,3,97,20,91,96,64,54,9,3,14,64,High
1871,32,Male,Business,Full-time,PhD,2,5,11,13,11,163,3,45,17,69,86,78,58,8,18,0,98,Low
1872,26,Male,IT,Part-time,Masters,10,6,8,6,16,80,6,73,24,57,95,83,49,6,19,10,50,Low
1873,30,Male,Science,Part-time,Bachelors,22,7,3,4,14,144,6,95,3,67,65,88,63,13,2,12,67,Low
1874,52,Male,Engineering,Part-time,Masters,13,1,38,4,9,71,15,71,8,67,65,64,55,12,17,5,72,Low
1875,53,Male,Science,Full-time,Bachelors,26,5,23,7,2,97,15,64,16,67,63,81,82,3,2,2,78,Medium
1876,50,Female,Engineering,Part-time,Masters,9,14,33,11,19,33,4,90,16,51,81,72,70,2,6,5,65,Low
1877,49,Female,Engineering,Full-time,PhD,1,5,38,11,19,49,14,52,16,61,99,88,83,5,0,8,47,Medium
1878,36,Male,Science,Full-time,Masters,14,9,4,6,11,85,3,77,15,81,86,75,55,14,18,5,77,Medium
1879,29,Female,Science,Full-time,Bachelors,29,11,14,11,0,184,12,77,19,91,96,95,55,8,17,14,65,High
1880,58,Female,Engineering,Part-time,Masters,16,4,3,13,0,145,18,41,24,57,61,76,67,2,1,7,71,Low
1881,61,Male,Business,Part-time,Bachelors,20,9,38,8,9,191,6,97,7,59,68,79,59,7,11,13,85,High
1882,39,Male,Business,Part-time,Masters,15,9,7,3,17,18,11,95,22,60,70,73,74,5,16,14,67,High
1883,60,Male,Science,Full-time,PhD,1,6,23,9,14,12,8,44,14,63,79,65,98,3,2,5,91,Medium
1884,39,Female,IT,Part-time,PhD,17,2,27,3,1,191,16,50,0,75,98,81,48,4,11,5,46,Low
1885,47,Male,Business,Part-time,Masters,24,3,26,1,16,30,1,50,18,96,73,99,79,2,11,14,74,Medium
1886,30,Female,Science,Part-time,Masters,13,9,0,2,7,104,15,63,24,79,85,68,49,13,5,6,41,Medium
1887,45,Male,Business,Part-time,Masters,27,12,33,0,8,185,6,53,14,91,97,91,84,1,9,10,61,High
1888,47,Female,IT,Part-time,Bachelors,15,8,16,0,19,184,17,84,8,53,89,83,57,8,5,12,89,Low
1889,40,Male,Science,Full-time,Masters,16,3,36,6,10,25,6,69,4,88,95,92,84,12,13,9,61,High
1890,39,Male,IT,Full-time,Masters,16,2,37,13,5,116,0,79,15,60,97,72,84,2,1,10,97,High
1891,49,Female,Science,Full-time,Bachelors,2,13,25,13,13,102,2,86,12,73,94,94,54,5,10,3,42,Medium
1892,60,Female,IT,Full-time,PhD,17,1,23,4,0,142,10,83,15,71,65,65,84,4,14,12,85,High
1893,35,Female,Business,Part-time,Masters,11,4,38,2,6,148,14,74,21,52,62,99,69,9,7,12,89,Low
1894,39,Female,Business,Full-time,Masters,8,3,20,6,8,166,2,60,10,86,60,89,87,10,12,7,84,High
1895,28,Female,IT,Part-time,PhD,20,12,29,13,10,88,12,94,12,51,77,97,71,7,18,14,47,Medium
1896,45,Female,IT,Full-time,PhD,3,12,12,1,15,79,3,44,5,61,82,75,79,4,9,3,43,Low
1897,37,Male,IT,Full-time,Bachelors,29,7,36,2,18,57,7,77,19,70,91,60,66,10,8,14,54,Low
1898,46,Female,Science,Full-time,Masters,12,6,2,0,1,24,3,41,16,54,88,77,66,7,17,6,83,Low
1899,43,Male,Business,Part-time,Masters,20,5,31,7,14,43,17,79,4,56,82,81,58,10,6,0,85,High
1900,58,Male,Science,Part-time,Bachelors,16,10,34,1,2,69,6,76,16,53,95,85,49,4,2,11,91,Medium
1901,38,Female,Business,Full-time,PhD,14,11,18,14,3,199,10,93,0,92,65,73,83,10,11,8,78,High
1902,28,Male,Engineering,Part-time,Bachelors,16,1,13,6,19,11,3,88,4,90,76,96,85,9,14,9,95,High
1903,51,Female,Science,Full-time,PhD,27,2,21,10,6,89,12,97,4,85,77,73,45,12,12,8,51,Medium
1904,53,Female,Business,Full-time,Bachelors,21,9,16,8,11,28,8,73,6,71,90,85,92,5,5,6,68,High
1905,52,Male,Business,Full-time,PhD,17,8,3,5,3,58,8,50,15,78,65,95,63,14,7,7,48,Low
1906,59,Male,Science,Part-time,Bachelors,11,12,39,1,9,87,18,75,17,58,93,82,48,4,13,1,81,Medium
1907,32,Female,Science,Full-time,PhD,17,8,18,1,5,37,2,50,5,75,86,61,66,1,2,9,79,Low
1908,40,Female,Business,Full-time,PhD,19,14,36,8,13,57,11,48,1,61,95,98,46,9,15,13,59,Low
1909,60,Male,Science,Full-time,PhD,22,4,1,9,2,105,10,45,12,97,84,66,45,9,17,13,73,Low
1910,54,Male,IT,Part-time,PhD,1,13,14,7,16,174,19,95,9,50,69,98,93,5,16,11,65,Medium
1911,42,Male,Science,Full-time,PhD,27,2,1,13,10,186,10,73,20,57,98,81,72,13,17,14,87,Low
1912,26,Male,Science,Part-time,Masters,12,1,10,13,9,118,16,97,19,82,98,87,60,6,9,9,60,High
1913,37,Female,Science,Full-time,PhD,15,7,22,13,9,185,13,86,10,53,71,97,85,14,16,6,62,Medium
1914,28,Female,Business,Part-time,Masters,18,14,9,8,9,82,15,76,20,63,70,79,95,2,15,0,57,High
1915,50,Female,IT,Full-time,PhD,28,5,2,3,2,109,9,71,1,78,62,77,77,2,1,2,91,High
1916,49,Female,Engineering,Full-time,Masters,23,9,4,3,14,38,3,99,7,63,81,83,83,11,19,5,93,High
1917,54,Male,Engineering,Part-time,Masters,14,10,2,14,16,197,9,51,23,58,63,92,56,6,3,4,63,Low
1918,35,Male,IT,Part-time,Bachelors,1,11,37,14,17,166,19,84,21,58,67,85,70,14,10,4,81,Medium
1919,31,Female,IT,Full-time,PhD,13,6,12,1,18,67,11,71,18,75,73,78,76,10,6,8,68,Low
1920,55,Female,IT,Part-time,Bachelors,15,0,18,13,18,57,8,56,19,98,79,72,50,9,16,5,77,High
1921,34,Female,Business,Full-time,Bachelors,7,0,39,9,11,32,14,43,16,96,83,69,67,3,18,2,77,High
1922,63,Female,Engineering,Full-time,PhD,15,9,34,0,4,36,8,81,15,91,73,73,44,14,5,14,93,High
1923,37,Female,IT,Full-time,Bachelors,20,1,23,9,15,16,6,72,24,66,87,68,51,1,9,1,91,Low
1924,55,Female,Business,Part-time,PhD,10,9,23,12,14,58,11,82,9,90,75,70,42,8,3,13,52,High
1925,31,Female,Engineering,Full-time,Bachelors,14,14,16,3,14,191,19,87,4,53,91,62,95,14,0,8,71,Medium
1926,60,Female,Science,Part-time,PhD,6,2,39,9,5,118,13,82,13,95,71,99,80,13,6,14,58,Medium
1927,44,Female,Business,Full-time,PhD,14,11,9,9,11,77,15,48,23,52,75,71,77,12,15,9,56,Low
1928,28,Male,Engineering,Part-time,PhD,24,0,1,10,1,179,18,73,18,78,78,94,93,8,16,13,41,Medium
1929,31,Female,Business,Part-time,Masters,25,13,22,7,19,196,2,78,3,74,64,98,41,5,4,3,57,Low
1930,25,Male,Engineering,Full-time,Bachelors,22,4,5,1,8,181,10,90,19,70,71,98,65,13,9,10,97,Medium
1931,37,Male,Engineering,Part-time,Masters,12,14,1,12,3,163,19,69,15,61,88,91,41,1,6,4,78,Low
1932,46,Female,Science,Full-time,Bachelors,11,14,20,11,4,160,18,89,23,50,64,98,93,2,12,8,66,High
1933,45,Female,Business,Full-time,Bachelors,29,2,34,10,7,82,7,59,14,50,76,73,51,4,6,4,53,Medium
1934,46,Male,IT,Full-time,Bachelors,25,0,28,7,9,110,19,78,8,94,67,60,79,10,14,6,93,High
1935,52,Male,Science,Full-time,Masters,20,7,6,0,6,17,7,62,2,95,99,86,41,10,16,1,54,Medium
1936,33,Female,Science,Full-time,Bachelors,22,11,28,14,13,62,2,80,22,97,99,96,80,14,2,1,47,High
1937,50,Male,Engineering,Part-time,Masters,24,10,36,0,4,151,9,83,8,56,89,60,55,4,4,3,48,Medium
1938,33,Female,IT,Full-time,PhD,25,5,22,3,15,144,12,74,17,59,69,88,99,12,9,7,60,High
1939,39,Female,Business,Part-time,Bachelors,19,8,32,6,14,146,8,62,3,64,79,83,69,8,4,1,82,Medium
1940,34,Female,IT,Part-time,Bachelors,2,2,7,8,4,12,5,93,18,89,75,76,96,9,6,9,74,High
1941,48,Male,IT,Full-time,PhD,22,8,11,4,2,87,14,97,23,60,75,94,86,2,6,6,91,Medium
1942,32,Male,IT,Part-time,PhD,20,8,9,1,9,154,15,87,3,95,62,90,85,1,13,12,53,Medium
1943,48,Female,IT,Full-time,Bachelors,1,14,14,11,4,181,4,78,8,94,82,91,91,9,14,12,66,High
1944,40,Male,IT,Part-time,PhD,8,11,23,6,14,95,12,62,0,72,81,78,75,7,4,0,47,Medium
1945,50,Male,Engineering,Part-time,Masters,25,14,25,10,17,55,18,97,0,62,87,90,43,6,4,8,74,Medium
1946,51,Male,Engineering,Part-time,Masters,14,12,38,1,7,99,1,76,19,76,95,98,50,11,3,9,57,Medium
1947,61,Male,Science,Full-time,Bachelors,9,11,2,8,1,195,5,96,18,90,63,79,92,8,19,5,94,High
1948,28,Male,Engineering,Part-time,Masters,2,0,1,8,7,165,0,62,2,66,97,87,63,2,8,10,53,Low
1949,48,Male,Science,Full-time,Masters,25,2,5,2,7,151,14,78,9,99,83,62,57,5,11,0,91,High
1950,43,Male,Science,Part-time,Bachelors,23,5,20,12,3,18,14,67,11,62,78,91,66,4,15,9,47,Low
1951,60,Female,Business,Part-time,PhD,5,7,8,7,18,124,13,58,17,61,70,81,76,4,7,5,88,Low
1952,63,Male,IT,Part-time,Bachelors,23,3,9,10,17,163,6,88,13,78,99,74,41,9,8,13,47,Medium
1953,34,Male,Engineering,Part-time,Masters,29,4,35,3,0,139,4,87,9,70,99,97,54,7,11,4,76,High
1954,49,Male,Business,Full-time,Bachelors,25,8,2,2,19,84,19,69,9,69,98,78,50,0,19,13,83,Medium
1955,42,Male,Engineering,Full-time,Bachelors,8,5,23,0,14,90,15,60,17,69,77,90,66,0,6,11,41,Medium
1956,43,Male,Science,Part-time,Masters,16,11,21,4,17,137,16,63,23,80,71,85,95,2,3,4,56,High
1957,60,Male,Engineering,Part-time,Masters,22,6,13,12,11,43,10,60,0,57,73,64,88,10,2,4,52,Low
1958,34,Male,IT,Full-time,Bachelors,16,6,26,13,0,156,14,65,14,73,77,79,87,1,0,3,93,High
1959,57,Male,Science,Full-time,Masters,13,3,32,10,6,48,19,90,7,60,71,61,86,1,6,6,53,Medium
1960,29,Female,Science,Full-time,Masters,20,3,21,3,18,22,15,96,2,88,99,80,62,1,8,14,80,High
1961,59,Male,Business,Full-time,Masters,29,3,28,0,0,142,2,89,17,82,86,95,74,3,1,12,80,High
1962,58,Male,IT,Part-time,Masters,15,13,18,9,6,59,5,90,8,91,65,87,91,0,6,8,48,High
1963,57,Male,Science,Part-time,Masters,1,14,18,7,1,32,12,99,15,64,83,79,69,9,9,12,66,Medium
1964,45,Male,IT,Full-time,Masters,22,10,5,7,6,131,0,75,20,53,92,96,86,14,1,3,59,Low
1965,41,Female,Engineering,Full-time,PhD,3,4,18,12,18,129,13,65,14,50,75,98,63,8,12,1,77,Low
1966,46,Female,IT,Full-time,Bachelors,6,4,12,7,12,97,1,72,4,81,71,95,58,13,2,1,51,High
1967,61,Female,Science,Full-time,Masters,22,7,25,2,4,166,1,98,12,60,90,70,99,4,12,1,81,High
1968,39,Female,Business,Full-time,Bachelors,14,8,21,5,18,121,14,75,21,79,96,62,68,4,9,6,61,High
1969,59,Female,Science,Full-time,PhD,4,1,20,11,0,120,17,43,19,86,72,96,52,8,11,3,76,Medium
1970,52,Female,IT,Part-time,Masters,18,10,35,11,0,81,8,48,6,68,67,79,87,13,2,3,89,High
1971,31,Female,IT,Part-time,Bachelors,15,6,1,6,17,163,2,47,15,85,97,91,62,4,19,0,78,Low
1972,56,Female,Science,Part-time,Masters,9,0,29,8,0,66,3,41,6,83,62,84,51,12,5,3,70,Medium
1973,35,Female,IT,Full-time,Masters,18,0,26,4,4,10,14,68,24,56,79,80,88,12,2,5,52,Low
1974,34,Female,Engineering,Full-time,Masters,3,3,6,8,8,165,4,62,21,94,63,75,87,10,1,1,40,High
1975,33,Female,Science,Full-time,Masters,10,9,19,5,11,122,19,45,15,69,61,60,80,13,13,3,77,Medium
1976,38,Female,Business,Part-time,Masters,17,6,30,9,8,71,19,94,12,61,95,82,68,7,14,10,92,High
1977,37,Female,Science,Full-time,Masters,7,1,22,9,17,56,4,82,16,81,82,83,45,10,17,6,92,High
1978,49,Female,Engineering,Full-time,Masters,15,10,12,9,10,87,9,75,8,51,78,84,90,0,18,12,79,Medium
1979,26,Female,Engineering,Part-time,PhD,1,1,16,3,0,115,15,85,11,71,99,66,62,0,9,8,48,High
1980,59,Female,Engineering,Full-time,PhD,27,0,3,12,18,196,11,60,12,90,67,97,70,3,19,1,78,Medium
1981,31,Male,Engineering,Part-time,Masters,25,9,13,0,9,168,13,61,8,97,75,98,84,7,16,7,49,High
1982,45,Female,Engineering,Part-time,Masters,27,1,19,0,1,135,10,48,4,89,77,94,60,2,16,13,68,Medium
1983,42,Male,Business,Full-time,PhD,11,12,12,13,6,186,18,73,6,73,95,73,63,0,18,5,79,Low
1984,27,Female,IT,Part-time,PhD,17,14,2,9,19,14,5,98,0,99,83,68,47,10,3,7,69,High
1985,63,Female,Engineering,Full-time,PhD,5,6,25,4,1,40,9,96,3,80,60,62,83,11,10,1,41,High
1986,35,Male,Engineering,Part-time,Masters,7,8,25,12,18,46,19,65,3,53,60,97,48,8,16,13,57,Low
1987,63,Female,Science,Full-time,Bachelors,19,5,17,13,5,88,2,40,15,73,95,79,61,8,9,10,67,Low
1988,48,Male,Business,Part-time,Bachelors,25,9,31,2,9,152,14,75,4,92,70,92,43,8,16,0,86,High
1989,43,Male,Business,Full-time,Bachelors,24,1,13,4,8,61,10,83,21,66,77,91,52,8,11,6,71,Medium
1990,28,Male,IT,Part-time,Bachelors,29,11,2,4,7,148,1,44,3,89,75,95,73,1,9,12,63,Low
1991,50,Female,Business,Part-time,Masters,15,14,0,0,10,52,5,80,5,68,76,85,42,13,9,8,77,Medium
1992,62,Female,Science,Part-time,Bachelors,3,9,25,13,8,160,16,61,22,89,83,64,76,13,5,8,95,High
1993,56,Female,Science,Full-time,PhD,15,14,23,7,19,49,17,43,2,87,93,89,95,10,16,14,53,High
1994,63,Male,IT,Full-time,PhD,5,9,34,4,19,72,3,87,24,83,63,76,67,10,18,1,64,Low
1995,60,Male,Science,Part-time,Bachelors,23,12,13,4,8,139,8,41,7,96,94,65,65,10,1,3,64,Medium
1996,64,Female,Engineering,Full-time,PhD,12,8,2,8,7,96,9,55,16,82,74,74,89,3,3,12,71,Medium
1997,61,Female,Engineering,Part-time,Masters,20,6,12,7,14,82,1,55,17,55,61,60,92,14,17,0,66,Low
1998,57,Female,Science,Full-time,Bachelors,5,10,13,12,1,184,10,92,17,85,90,72,85,1,3,10,93,High
1999,60,Female,IT,Part-time,Bachelors,3,0,20,0,0,113,10,95,24,62,68,93,96,6,5,6,71,Low
2000,27,Female,Business,Full-time,Masters,9,11,25,2,8,167,10,95,11,96,69,89,73,10,13,1,95,Medium
